Name,Season,FF,SI,FC,FS,SL,CU,CH,KC,FO,Stuff+,Location+,Pitching+
Jonathan Loáisiga,2024,124,143,,,,121,106,,,133,95,126
Brooks Raley,2024,,98,112,,160,,105,,,132,100,122
Mason Miller,2024,126,,,96,136,,96,,,129,93,120
Ryan Helsley,2024,107,,,,149,138,,,,129,95,121
Mason Montgomery,2025,125,,,,134,,,,,129,97,124
Drew Rasmussen,2024,129,126,128,,142,,,,,128,96,119
Ryan Helsley,2025,104,,107,,154,136,,,,128,92,115
Emmanuel Clase,2024,92,96,125,,143,,,,,128,101,128
Ben Joyce,2024,136,116,,,130,,129,,,128,85,112
Michael Kopech,2024,127,,131,,127,,,,,127,86,112
Clay Holmes,2024,,109,,,148,,,,,126,102,122
Jhoan Duran,2025,106,,,122,135,,,160,,125,93,116
Hunter Greene,2025,117,,,116,142,177,,,,125,99,121
Jhoan Duran,2024,109,,,116,,137,,,,125,93,115
Michel Otañez,2024,131,118,,,121,,,,,124,80,102
Adrian Morejon,2024,115,119,,144,133,,,,,124,104,124
Emmanuel Clase,2025,,94,125,,125,,,,,124,100,122
Tyler Rogers,2025,,120,,,135,,,,,124,104,116
Tanner Scott,2024,121,,,,127,,199,,,124,96,118
Robert Stephenson,2025,121,,134,,,,,,,123,121,125
Alex Vesia,2025,127,,,,121,,103,,,123,101,119
Mason Miller,2025,120,,,,128,,84,,,123,89,112
Mason Montgomery,2024,118,,,,135,,,,,122,99,120
Trevor Megill,2025,114,,,,,,,139,,122,99,123
Yimi García,2024,127,115,,,147,110,96,,,122,101,121
Ryan Zeferjahn,2025,121,,113,,145,,,,,122,89,107
Graham Ashcraft,2025,,,116,,131,,,,,122,100,123
Brendon Little,2025,,120,93,,,,,127,,122,81,108
Kevin Kelly,2024,128,119,99,,135,,,,,122,106,115
Justin Martinez,2024,108,128,,136,100,,,,,121,94,119
Kade Strowd,2025,,101,114,,,138,,,,121,73,93
Justin Garza,2025,112,,124,,144,,,,,121,116,119
Orion Kerkering,2025,113,113,,,126,,,,,121,99,116
Ben Casparius,2025,98,,109,,138,119,,,,121,106,121
Kenley Jansen,2024,,124,120,,119,,,,,120,97,114
Alex Speas,2024,90,,106,,133,,,,,120,89,111
Michael Petersen,2025,122,92,119,,,,,,,120,104,117
Jacob Misiorowski,2025,123,,,,105,148,80,,,120,95,114
Gavin Hollowell,2025,119,112,,,123,,,,,120,96,104
Abner Uribe,2025,122,110,,,130,,,,,120,98,115
Orion Kerkering,2024,99,114,,,132,,,,,119,108,123
Steven Cruz,2024,129,118,115,,112,,,,,119,94,115
Yimi García,2025,125,103,,,132,109,95,,,119,90,110
Tyler Rogers,2024,100,113,,,131,,,,,119,111,120
Bailey Horn,2025,115,,97,,138,,,,,119,92,113
Josh Hader,2025,,122,,,119,,85,,,119,101,114
Randy Rodríguez,2025,121,,,,116,,,,,119,96,115
Jose A. Ferrer,2024,113,119,,,144,,115,,,119,98,113
Tanner Scott,2025,116,,,,122,,,,,118,105,121
Gregory Soto,2024,102,114,89,,128,,,,,118,89,105
Tim Hill,2025,103,122,,,102,,,,,118,98,110
Tarik Skubal,2025,119,112,,,114,,125,122,,118,110,126
Seranthony Domínguez,2024,113,110,,,128,,79,,,118,93,110
Ryan Thompson,2024,119,116,,,121,,,,,118,101,114
Brusdar Graterol,2024,82,131,94,,127,,,,,118,107,124
Colin Holderman,2025,107,118,109,88,132,,,,,118,84,98
Anthony Bender,2024,82,105,,,134,,105,,,117,100,113
Adrian Morejon,2025,116,114,99,,133,,128,,,117,99,114
Trevor Megill,2024,108,,,,,,,140,,117,99,115
Steven Cruz,2025,118,,101,,122,,,,,117,85,103
Mason Fluharty,2025,,,113,,123,,,,,117,92,107
Paul Sewald,2024,123,,,,109,,85,,,117,92,108
A.J. Puk,2025,117,108,,,117,,,,,117,113,126
Tanner Banks,2025,94,102,,,122,,118,,,117,108,117
Calvin Faucher,2025,86,106,106,,126,134,112,,,117,101,113
Brendon Little,2024,,116,93,,,,,126,,117,92,113
Brock Stewart,2025,117,109,101,,152,,100,,,117,88,103
Tim Hill,2024,103,123,,,100,,,,,116,98,110
Daniel Palencia,2025,112,119,,139,130,103,,,,116,96,112
Adam Kloffenstein,2024,,117,97,,,118,,,,116,75,101
Kevin Kelly,2025,131,111,88,,135,,,,,116,109,117
Robert Suarez,2024,119,113,88,,,,107,,,116,97,111
Jacob deGrom,2024,115,,,,119,107,100,,,116,113,131
José Alvarado,2025,118,116,115,,,122,,,,116,109,130
Wander Suero,2024,,,116,,,,,,,116,136,158
Brock Stewart,2024,113,114,101,,133,,117,,,116,89,105
Michael Kelly,2025,76,86,,,134,,,,,116,101,110
Ryan Zeferjahn,2024,109,,111,,146,86,,,,116,90,105
Evan Phillips,2024,114,105,100,,126,,,,,116,103,117
Garrett Crochet,2024,110,113,124,,137,,91,,,116,103,116
Pete Fairbanks,2024,103,,,,131,,94,,,116,94,108
Ryan Thompson,2025,117,112,,100,120,,,,,116,102,112
Danny Young,2025,,119,94,,111,,,,,115,72,88
Robert Suarez,2025,115,119,,,,,114,,,115,101,114
Matt Strahm,2024,122,105,94,,116,,,,,115,101,111
Andrés Muñoz,2025,109,118,,,118,,113,,,115,91,105
Jeff Hoffman,2024,115,111,,105,118,,,,,115,99,110
Devin Williams,2024,104,,84,,,,129,,,115,90,105
Zack Kelly,2024,110,,99,,133,,114,,,115,99,112
Ryne Stanek,2025,108,118,,123,127,,,,,115,105,119
Reed Garrett,2024,107,110,106,117,123,,,,,115,86,103
Paul Sewald,2025,123,,,,104,,,,,115,102,113
Aaron Ashby,2025,74,109,,,143,114,123,,,115,95,106
Edwin Díaz,2024,111,,,,118,,,,,115,96,114
Edgardo Henriquez,2024,101,,139,,,,,,,115,92,99
Kaleb Ort,2024,121,,102,,123,,80,,,115,100,114
Tyler Zuber,2024,93,,114,,140,,,,,114,98,112
Aaron Bummer,2025,94,104,,,122,128,83,,,114,94,101
Jeremiah Estrada,2025,120,,,111,96,,,,,114,109,122
Steven Okert,2025,99,,97,,127,,144,,,114,102,114
Aaron Bummer,2024,106,108,103,,123,130,86,,,114,98,106
Alex Vesia,2024,116,,,,115,,87,,,114,97,109
Carlos Vargas,2025,111,113,108,,116,,99,,,114,105,119
Gregory Soto,2025,99,117,,115,115,,,,,114,90,101
Daniel Robert,2025,100,99,91,,132,,,,,114,90,106
Adam Ottavino,2025,136,111,95,,104,,,,,114,55,67
Angel Zerpa,2025,89,123,,,119,,87,,,114,102,111
Seth Halvorsen,2024,104,119,,100,143,,,,,114,111,124
Abner Uribe,2024,110,114,,,114,,,,,114,100,117
Collin Snider,2024,111,90,103,,124,,,,,114,106,113
Garrett Crochet,2025,109,100,119,,149,,88,,,114,95,106
Andrés Muñoz,2024,107,118,,,116,,,,,114,91,103
Kenley Jansen,2025,,122,112,,119,,,,,114,97,108
Tyler Ferguson,2024,110,108,109,,128,,96,,,114,99,109
Lucas Sims,2024,97,,93,83,133,102,,,,114,90,104
Gabe Speier,2025,120,109,,,109,,,,,113,106,114
Steven Okert,2024,90,106,,,128,,79,,,113,105,116
Eury Pérez,2025,109,91,,,121,131,79,,,113,83,98
Anthony Bender,2025,86,107,,,118,,106,,,113,97,108
Corbin Burnes,2024,,94,111,,133,118,98,,,113,104,119
Michael Kopech,2025,114,,113,,98,,,,,113,63,83
Hunter Greene,2024,105,,,108,128,107,,,,113,96,108
Josh Hader,2024,,113,,,115,,84,,,113,106,119
Nate Pearson,2024,106,118,,137,114,133,,,,113,94,107
Yency Almonte,2024,82,116,84,,131,,84,,,113,94,105
Cristopher Sánchez,2025,,112,,,108,,115,,,113,93,108
Jake Bird,2025,61,90,112,,124,132,,,,113,102,107
Garrett Cleavinger,2024,109,124,102,,120,,,,,113,89,101
Jose A. Ferrer,2025,,112,,,124,,110,,,113,98,107
Daniel Robert,2024,94,101,,,132,,,,,113,99,109
Colin Holderman,2024,113,104,96,,127,,,,,113,91,103
Forrest Whitley,2024,93,108,123,138,,130,104,,,113,75,88
Jeff Hoffman,2025,121,121,,98,110,,,,,112,95,106
Matt Brash,2025,121,110,,,108,,117,119,,112,96,112
Adam Cimber,2024,107,112,,,118,,,,,112,88,98
Brant Hurter,2025,99,112,,,124,,90,,,112,93,100
Tarik Skubal,2024,104,111,,,108,,127,98,,112,100,112
Reed Garrett,2025,123,109,106,116,121,,,,,112,95,111
Caleb Thielbar,2024,101,,,,119,124,,,,112,106,114
Riley O'Brien,2025,,114,,,96,124,,,,112,89,102
Daysbel Hernández,2024,91,104,,,128,,,,,112,93,103
Luis Guerrero,2024,99,,,,130,,93,,,112,108,118
David Robertson,2024,,111,114,,99,,83,113,,112,97,109
Seranthony Domínguez,2025,105,112,,117,129,99,,,,112,84,99
Emilio Pagán,2025,116,,104,106,,,,,,112,98,105
Cam Booser,2024,115,,106,,114,,,,,112,94,104
Austin Warren,2025,112,125,85,,142,,84,,,112,79,95
Yennier Cano,2024,77,127,,,118,,93,,,112,111,122
Aaron Nola,2024,111,109,96,,,,81,127,,112,101,111
Prelander Berroa,2024,93,98,,,127,,,,,112,77,90
Evan Phillips,2025,107,107,90,,118,,,,,112,103,118
Drew Rasmussen,2025,114,117,106,,118,96,,,,112,102,110
David Morgan,2025,103,115,,,125,116,,,,111,88,94
Danny Young,2024,,116,87,,107,,,,,111,89,96
Cole Henry,2025,103,107,94,,,112,74,,,111,101,110
Jake Diekman,2024,114,47,,,115,,89,,,111,86,95
Camilo Doval,2024,,91,96,,128,,,,,111,92,108
Amos Willingham,2024,115,,108,,101,,,,,111,101,107
Lucas Erceg,2024,103,129,,,120,,93,,,111,105,115
Ryan Walker,2024,105,98,,,128,,,,,111,105,110
Lucas Sims,2025,101,88,95,86,124,103,,,,111,66,79
José Alvarado,2024,,108,116,,,126,,,,111,97,114
Keegan Akin,2024,114,,,,110,,97,,,111,100,109
Ben Joyce,2025,111,111,,,115,,113,,,111,98,106
Angel Zerpa,2024,80,122,,,123,141,94,,,111,96,108
Caleb Thielbar,2025,97,,,,120,123,,,,111,96,105
Carlos Rodón,2024,107,,93,,124,100,113,,,111,95,106
Cam Booser,2025,114,,113,,105,,102,,,111,94,102
Blake Treinen,2025,86,99,98,,127,,,,,111,103,109
Garrett Cleavinger,2025,122,98,106,,120,,,,,111,101,106
Ryan Walker,2025,,106,,,119,,,,,111,94,102
Andrew Walters,2025,107,,,,119,,,,,111,108,114
Daniel Duarte,2024,98,96,92,,139,,93,,,111,113,123
Hunter Brown,2025,118,119,106,,92,,91,107,,111,99,110
Justin Martinez,2025,122,114,,109,82,,,,,111,75,89
Zach Pop,2024,,112,90,,124,,,,,111,99,109
Jack Leiter,2025,126,104,,,106,95,107,,,111,89,100
Luis Mey,2025,90,104,,,136,,,,,111,89,99
Dedniel Núñez,2024,104,108,,,117,141,112,,,111,104,114
Daysbel Hernández,2025,91,,,,124,,,,,111,86,99
Roddery Muñoz,2025,109,115,93,,122,,121,,,111,105,116
Zack Wheeler,2025,112,116,96,90,116,125,,,,111,108,119
Nick Burdi,2024,100,128,,,127,,121,,,110,74,83
Casey Legumina,2025,112,101,,,122,,90,,,110,99,105
Carlos Hernández,2025,111,104,,96,122,,,103,,110,98,108
Spencer Schwellenbach,2025,114,113,98,124,106,98,,,,110,109,118
Matt Bowman,2025,98,114,103,97,119,,,,,110,95,101
Génesis Cabrera,2024,120,98,123,,,95,87,,,110,91,100
Andrew Walters,2024,112,,,,106,,,,,110,78,89
Alek Jacob,2025,115,102,,,113,,107,,,110,87,93
Tom Cosgrove,2024,108,87,,,123,,,,,110,99,102
Zack Wheeler,2024,109,117,97,94,108,126,,,,110,104,113
Mick Abel,2025,106,103,,,110,126,99,,,110,99,105
Juan Morillo,2025,110,122,,,122,,79,,,110,90,100
Louis Varland,2025,112,111,,,95,,79,115,,110,108,121
Marc Church,2024,90,,,,127,,,,,110,117,120
Aroldis Chapman,2025,88,139,,120,121,,,,,110,127,134
Reid Detmers,2025,109,107,,,121,100,96,,,110,106,114
Justin Sterner,2024,113,,105,,95,,,,,110,105,114
Cole Ragans,2024,110,,93,,124,,115,98,,110,99,110
Bryan Baker,2025,102,,,,107,,133,,,110,104,113
Seth Halvorsen,2025,106,,,108,123,,,,,110,89,100
Dylan Cease,2024,100,,108,,121,,96,98,,110,104,113
Anthony Misiewicz,2024,88,,104,,,121,,,,110,94,104
Ryan Pepiot,2024,112,,97,,99,104,117,,,110,98,108
Griffin Jax,2024,93,116,,,116,134,114,,,110,120,129
Michel Otañez,2025,117,105,,,109,,,,,110,61,76
Devin Williams,2025,106,,,,,,112,,,110,99,112
Cole Winn,2025,113,123,95,100,102,108,,,,109,84,91
Jesus Tinoco,2024,105,99,81,,120,,82,,,109,106,113
Jonathan Loáisiga,2025,86,121,,,,105,80,,,109,96,108
Jason Adam,2024,105,,,,116,,105,,,109,94,105
Stephen Kolek,2024,107,116,99,,109,,102,,,109,110,118
Bryan Abreu,2025,106,124,,,112,,88,,,109,86,98
Noah Murdock,2025,107,108,92,,139,,81,,,109,87,89
Diego Castillo,2024,77,108,,,115,,88,,,109,86,92
Chris Roycroft,2024,93,119,,,110,,,,,109,104,110
David Bednar,2024,115,,,105,,99,,,,109,96,104
Caleb Freeman,2025,94,,,,149,105,,,,109,107,105
Griffin Jax,2025,83,103,98,,117,174,115,,,109,127,137
Michael Petersen,2024,104,,122,,153,,78,,,109,101,105
Bryan Abreu,2024,102,,,,115,,105,,,109,92,101
Logan Webb,2024,92,111,80,,109,,112,,,109,104,112
Nick Mears,2024,108,,,,113,106,,,,109,96,106
Paul Skenes,2025,99,116,,93,135,117,112,,,109,111,117
Cody Bolton,2025,82,108,86,,126,,,,,109,103,106
Justin Wilson,2024,108,,96,98,123,,,,,109,98,104
Jordan Hicks,2025,92,109,,112,113,,,,,109,97,104
Elvis Alvarado,2025,103,102,,,120,,86,,,109,83,92
Ryan Yarbrough,2024,97,94,101,,,124,84,,,109,96,98
Randy Rodríguez,2024,110,102,,,111,,92,,,109,93,103
Troy Taylor,2024,92,,,,132,,109,,,109,100,101
Daniel Palencia,2024,106,115,,106,114,90,,,,109,77,90
Aaron Ashby,2024,71,101,,,132,123,100,,,109,105,110
Pete Fairbanks,2025,101,,,,121,,89,,,109,102,107
Jackson Jobe,2025,100,112,,,113,106,107,,,109,96,103
Gerardo Reyes,2024,105,76,148,,117,,,,,109,84,86
Luis Severino,2024,102,99,96,,135,,98,,,109,96,102
Greg Weissert,2024,120,103,,,111,,90,,,109,108,113
A.J. Minter,2025,109,,111,,,,93,,,109,97,106
A.J. Puk,2024,111,96,,94,111,,85,,,109,111,118
Yohan Ramírez,2024,89,110,,,125,94,,,,109,93,101
Taj Bradley,2024,111,,106,110,,96,,,,109,90,100
Paul Skenes,2024,99,107,,,155,119,116,,,108,110,115
Trent Thornton,2024,101,103,102,,110,123,101,,,108,105,110
A.J. Minter,2024,107,,117,,,,95,,,108,100,106
Tyler Jay,2024,101,104,100,,135,,,,,108,79,82
Matt Strahm,2025,113,104,91,,114,,106,,,108,98,101
Rich Hill,2024,89,103,85,,133,112,,,,108,72,75
Chase Shugart,2024,104,104,103,,134,,85,,,108,101,107
Luis García,2025,89,100,,105,118,,,,,108,108,115
Zack Kelly,2025,107,121,95,,121,,110,,,108,95,102
Nestor Cortes,2024,112,119,103,,111,,96,,,108,98,105
Framber Valdez,2025,84,92,,,121,132,103,,,108,105,114
Joe Musgrove,2024,100,89,100,,122,125,81,,,108,97,104
Jack Neely,2024,96,,,,122,,,,,108,82,90
Justin Slaten,2024,121,,94,,110,121,,,,108,100,111
Jackson Rutledge,2025,106,110,101,107,115,,,,,108,86,91
JoJo Romero,2024,91,110,,,122,,86,,,108,95,102
Sandy Alcantara,2025,101,112,,,112,119,102,,,108,95,103
Matt Festa,2024,117,,98,,106,,77,,,108,98,104
Cole Ragans,2025,109,,96,,118,,102,107,,108,100,106
Ryan Borucki,2025,,108,,101,111,,,,,108,87,95
Michael Darrell-Hicks,2025,,103,101,,132,,,,,108,87,90
Yosver Zulueta,2024,70,105,,,121,,80,,,108,86,97
Joe Kelly,2024,99,105,,,113,,102,120,,108,91,98
Dylan Cease,2025,103,92,,,114,,109,93,,108,102,110
Tylor Megill,2025,117,104,,,101,94,100,,,108,99,106
Ryan Pepiot,2025,109,,91,,97,110,121,,,108,103,110
Amir Garrett,2024,102,107,,,111,,,,,108,78,90
Kody Funderburk,2024,,121,95,,118,,100,,,108,88,96
Sean Reynolds,2024,98,,,,121,,82,,,108,93,101
AJ Smith-Shawver,2024,90,,,,,92,129,,,108,85,85
Erik Miller,2025,87,128,,,129,,103,,,108,85,94
Grayson Rodriguez,2024,105,108,,,108,97,122,,,108,106,113
Ryan Weathers,2025,105,91,,,114,,109,,,108,101,110
Justin Sterner,2025,110,,98,,123,,,,,108,81,86
Tyler Glasnow,2024,107,114,,,101,115,,,,108,100,112
Caleb Ferguson,2025,105,120,108,,,97,,,,108,96,102
Raisel Iglesias,2024,100,103,,,130,,91,,,107,103,109
José Fermin,2025,119,93,,,118,,97,,,107,101,106
Shane Baz,2025,96,,,,109,,81,126,,107,97,107
Ryne Stanek,2024,99,91,,129,113,,,,,107,95,104
Adam Ottavino,2024,119,107,96,,111,,89,,,107,96,99
Luis Severino,2025,102,94,96,,133,,96,,,107,98,104
Manuel Rodríguez,2024,94,114,,,109,,,,,107,96,103
Tyler Ferguson,2025,109,103,99,,113,,98,,,107,81,87
Vinny Nittoli,2024,,93,112,,102,107,80,,,107,101,107
Joe Boyle,2025,86,,,126,121,,,,,107,74,82
Spencer Strider,2024,106,,,,109,115,99,,,107,102,107
Michael Kelly,2024,75,90,,,123,,,,,107,94,98
Max Fried,2025,104,115,109,,106,116,96,,,107,104,112
Framber Valdez,2024,96,96,,,114,126,104,,,107,101,110
Cade Smith,2025,101,,,117,129,,,,,107,103,111
Ryne Nelson,2025,114,,95,,102,98,89,,,107,99,105
Chris Sale,2025,96,122,,,117,,100,,,107,101,101
Alek Jacob,2024,115,95,,,98,,119,,,107,101,106
Will Vest,2025,101,124,,,111,,109,,,107,111,114
Kodai Senga,2024,108,,93,,82,130,,,119,107,102,108
Spencer Schwellenbach,2024,107,100,100,116,114,101,,,,107,107,113
Jeremiah Estrada,2024,113,,,114,87,,,,,107,114,121
Bryan Woo,2024,109,108,,,111,,84,,,107,110,113
Rob Zastryzny,2025,110,,96,96,126,,,,,107,106,109
Brent Headrick,2025,104,,,110,114,,,,,107,97,97
Gerrit Cole,2024,107,87,106,,112,,82,109,,107,100,107
Cody Bolton,2024,95,107,103,,120,,93,,,107,99,105
Ronny Henriquez,2025,115,118,,,109,,86,,,107,94,101
Riley O'Brien,2024,83,120,,,86,107,,,,107,81,92
Clarke Schmidt,2024,,89,99,,116,,84,131,,107,100,106
Jake Bird,2024,91,86,101,,126,132,77,,,107,86,87
Dillon Tate,2024,,103,,,123,,82,,,107,91,97
Bobby Miller,2025,90,112,,,121,113,107,,,107,102,105
Sean Hjelle,2024,70,107,82,,,,,113,,107,105,110
Kyle Nicolas,2024,100,,,,116,114,,,,107,79,85
Gregory Santos,2024,79,94,,,120,,73,,,107,101,108
Jorge Alcala,2024,100,110,,,119,,84,,,107,102,110
Jacob deGrom,2025,101,,,,115,98,103,,,107,112,121
Cristopher Sánchez,2024,,103,88,,105,,113,,,107,103,111
Forrest Whitley,2025,101,102,106,,,119,98,,,107,82,89
Yennier Cano,2025,73,120,82,,120,,82,,,107,93,99
José Soriano,2024,96,112,,113,95,,,104,,107,102,110
Justin Anderson,2024,109,109,95,,106,,,,,107,89,96
Jackson Jobe,2024,99,,121,,115,,108,,,107,93,99
Anthony Molina,2025,96,,,,127,,88,,,107,135,136
Elvis Peguero,2024,,103,,,110,60,,,,107,97,105
Jared Koenig,2024,153,97,110,,,144,89,,,107,101,105
Ben Heller,2024,102,104,95,,109,,118,,,107,79,88
Ian Hamilton,2024,89,102,,,116,,,,,107,95,99
Andrew Nardi,2024,104,,,,111,,91,,,106,104,109
Austin Warren,2024,94,111,93,,114,,,,,106,102,103
Bennett Sousa,2025,92,92,,,118,,,,,106,101,105
Carlos Hernández,2024,104,,,94,114,,,116,,106,98,103
Craig Kimbrel,2024,113,,,,110,,63,92,,106,98,105
Michael Mercado,2025,96,,133,,,111,,,,106,79,84
Sam Moll,2024,107,101,,,115,,98,,,106,97,101
Justin Verlander,2024,96,,,,120,113,115,,,106,89,95
Matt Bowman,2024,100,108,92,96,120,,,,,106,99,108
Justin Wilson,2025,107,,90,102,117,,,,,106,90,96
Julian Merryweather,2024,91,,,,112,,141,,,106,94,98
Joe Jacques,2024,,114,,,92,,,,,106,71,74
Jorge Alcala,2025,100,101,,,102,145,73,,,106,94,99
Aaron Civale,2024,93,82,102,76,124,145,,,,106,98,99
José Castillo,2025,95,107,,,106,,96,,,106,102,107
David Bednar,2025,113,,,98,,101,,,,106,109,113
Chris Martin,2025,106,103,104,113,111,,,,,106,110,108
Porter Hodge,2025,103,,,104,109,,,,,106,94,102
Braxton Ashcraft,2025,87,117,,,103,149,85,,,106,98,104
Zebby Matthews,2025,104,,91,,123,101,88,,,106,102,106
Anthony Banda,2024,95,118,,,117,,88,,,106,103,109
Trey Wingenter,2024,95,,,106,118,,,,,106,100,107
Justin Verlander,2025,97,,,,117,113,106,,,106,91,97
Ethan Roberts,2025,,78,95,,115,,,,,106,99,104
Edwin Díaz,2025,101,,,,111,,,,,106,97,106
Easton Lucas,2024,103,95,103,,121,,93,,,106,91,95
Emilio Pagán,2024,110,,100,100,,,,,,106,105,107
Jonathan Bowlan,2024,114,88,,,105,115,90,,,106,83,88
Kody Funderburk,2025,,124,92,,102,,114,,,106,94,101
Tanner Rainey,2025,107,,,,105,,,,,106,77,81
Hunter Strickland,2024,95,96,127,,105,,73,,,106,102,106
Lucas Erceg,2025,95,118,,,113,,99,,,106,96,103
Joe Mantiply,2024,88,106,,,,107,106,,,106,98,102
Jared Koenig,2025,,102,102,,,135,80,,,106,99,104
Bailey Horn,2024,91,,98,,111,122,,,,106,97,101
Bobby Miller,2024,98,113,,,101,103,119,,,106,92,99
Danny Coulombe,2024,88,91,109,,104,,,141,,106,100,106
Hoby Milner,2025,109,114,,,101,128,95,,,106,106,108
Steven Wilson,2024,95,,118,,115,,96,,,106,85,91
Dylan Dodd,2025,110,,104,,,,,,,106,102,103
Brent Suter,2024,113,105,,,87,,106,,,106,99,105
Luis Gil,2024,108,,,,117,,89,,,106,92,102
Nate Pearson,2025,101,112,,,110,112,,,,106,89,99
Cionel Pérez,2025,95,104,132,,115,102,,,,106,85,90
Hunter Harvey,2024,104,,,111,121,97,,,,106,105,109
Ethan Roberts,2024,104,85,96,,115,,,,,106,97,100
Hunter Stratton,2024,105,104,99,,118,,,,,106,96,100
Grant Anderson,2024,96,122,,,106,,83,,,106,106,109
Brad Keller,2025,82,97,,,137,,97,,,106,106,111
Kyle Nicolas,2025,96,,,,114,115,,,,106,80,86
Jake Cousins,2024,111,97,,,110,,,,,106,95,99
Brant Hurter,2024,80,104,,,123,,81,,,105,101,102
Jason Foley,2024,99,110,,,106,,70,,,105,103,107
Porter Hodge,2024,99,,,116,116,,,,,105,89,96
Braydon Fisher,2025,71,,74,,119,112,,,,105,110,115
Drew Pomeranz,2025,104,,,,,,,110,,105,110,115
Hoby Milner,2024,111,108,,,108,,86,,,105,107,106
Blake Snell,2024,96,,,,99,123,108,,,105,103,111
Bryce Miller,2024,106,104,89,115,97,,,104,,105,103,108
Brenan Hanifee,2025,75,107,,,113,,94,,,105,104,108
Evan Sisk,2025,94,113,90,,108,146,,,,105,76,81
Robert Gasser,2024,104,96,101,,123,,88,,,105,98,101
Danny Coulombe,2025,90,97,114,,110,,,127,,105,99,104
Dylan Lee,2025,110,,,,108,,77,,,105,100,105
Aaron Nola,2025,109,108,94,,,,79,118,,105,104,106
Justin Lawrence,2025,84,98,,,114,,,,,105,91,92
Logan Webb,2025,110,116,88,,90,,112,,,105,109,113
Chris Roycroft,2025,90,114,104,,98,,,,,105,93,95
Tim Mayza,2025,96,107,,,101,,,,,105,106,111
Taylor Rogers,2025,95,93,,,118,,,,,105,101,101
Yuki Matsui,2025,103,100,,109,104,120,,,,105,96,100
Aroldis Chapman,2024,85,130,,111,103,,,,,105,113,117
Luis García,2024,87,102,131,108,113,,,,,105,105,111
Jack Leiter,2024,110,,83,,105,96,93,,,105,94,99
Luis Guerrero,2025,80,,,,120,,109,,,105,93,99
Pierce Johnson,2024,86,,88,,,113,,,,105,100,103
Carmen Mlodzinski,2024,99,,96,,116,,97,,,105,99,103
JoJo Romero,2025,83,112,,,116,,88,,,105,97,103
John King,2025,92,108,,,122,,87,,,105,102,105
Scott Effross,2024,105,110,,,105,,91,,,105,90,94
Grant Wolfram,2025,80,93,,110,116,100,,,,105,68,74
Joe Ryan,2024,107,103,,98,108,,,,,105,110,113
Justin Slaten,2025,123,,90,,122,94,,,,105,100,108
José Ruiz,2024,99,94,,,85,118,92,,,105,105,108
Jordan Hicks,2024,86,98,,113,117,,,,,105,94,99
Blade Tidwell,2025,100,102,,,112,,105,,,105,82,91
Lyon Richardson,2024,92,95,,,120,,112,,,105,100,99
Brennan Bernardino,2024,,111,96,,93,103,,,,105,94,94
Robbie Ray,2024,112,,,,91,,,109,,105,86,90
Eduard Bazardo,2024,91,109,,88,114,,,,,105,100,102
Matt Svanson,2025,,97,96,,130,,,,,105,93,95
Luis F. Ortiz,2024,74,82,,,133,88,,,,105,102,102
Blake Treinen,2024,78,96,92,,126,,,,,105,109,111
Shawn Armstrong,2024,104,105,95,,125,,,,,105,104,102
Joe Boyle,2024,92,,,,123,114,,,,105,83,90
Keegan Akin,2025,104,,,,111,,94,,,105,100,100
Manuel Rodríguez,2025,96,115,,,100,,,,,105,105,112
Josh Winckowski,2024,104,112,101,,110,,89,,,105,102,109
Andrew Wantz,2024,82,89,100,,140,,,,,105,114,124
Orlando Ribalta,2025,104,98,,,116,,100,,,105,100,102
Seth Johnson,2024,103,,,,105,113,102,,,105,73,81
Chad Patrick,2025,104,94,112,,114,,84,,,105,99,101
Drew Smyly,2024,,92,77,,,,,119,,105,102,102
Fernando Cruz,2025,95,94,,114,81,,,,,105,88,95
Matt Sauer,2024,85,95,,108,123,111,,,,105,87,88
Edward Cabrera,2025,89,103,,,108,113,105,,,105,100,106
Huascar Brazobán,2025,95,104,97,,,,112,,,105,99,105
Juan Mejia,2025,85,,,,129,,,,,105,93,95
Gabe Speier,2024,102,104,,,109,,83,,,105,93,94
Chase Dollander,2025,95,,123,,103,124,91,,,105,88,90
Hunter Brown,2024,111,112,99,,95,,93,101,,105,99,105
Clayton Beeter,2024,90,,,,134,,,,,105,108,109
Dylan Lee,2024,103,,,,110,,83,,,105,102,105
Dennis Santana,2024,112,95,99,,110,,84,,,105,93,97
Jonathan Bowlan,2025,105,108,,,108,99,86,,,104,102,108
Penn Murfee,2025,101,94,,,110,,98,,,104,89,96
Carlos Rodón,2025,100,105,,,111,96,107,,,104,97,101
Osvaldo Bido,2024,107,110,114,,111,,78,,,104,82,89
Chase Shugart,2025,97,95,103,,120,,80,,,104,91,95
Camilo Doval,2025,,80,88,,119,,,,,104,100,106
Kaleb Ort,2025,107,,100,,114,,80,,,104,87,93
Reid Detmers,2024,102,,,,120,98,93,,,104,98,101
MacKenzie Gore,2024,110,,,,93,102,99,,,104,98,104
Justin Lawrence,2024,,93,,,120,,,,,104,94,94
Erik Sabrowski,2024,111,,,,84,103,,,,104,105,107
Chris Martin,2024,106,104,100,112,145,,,,,104,110,109
Burch Smith,2024,110,68,99,,118,90,72,,,104,97,101
Zach Penrod,2024,110,,,,101,,99,,,104,72,80
Joel Payamps,2025,106,91,,,108,,87,,,104,102,103
Chris Sale,2024,97,95,,,114,,100,,,104,111,110
Nick Lodolo,2024,101,100,,,,122,93,,,104,97,97
Joe Ryan,2025,107,100,,94,107,113,,,,104,104,105
Richard Lovelady,2025,113,99,,,106,,,,,104,64,62
George Kirby,2024,103,108,97,116,93,,,118,,104,110,112
Anthony Veneziano,2024,93,,,,116,,101,,,104,107,107
Jorge López,2024,86,107,,,111,,103,114,,104,99,103
Richard Lovelady,2024,95,116,,,99,,,,,104,94,98
Tyson Miller,2024,100,82,,,112,110,76,,,104,106,109
Génesis Cabrera,2025,113,97,93,109,,112,,,,104,107,110
Fernando Cruz,2024,89,,82,129,,,,,,104,89,96
Cade Smith,2024,101,,,111,109,,,,,104,106,108
Jacob Latz,2025,110,,,,102,81,101,,,104,95,99
Tanner Houck,2024,,102,87,89,115,,,,,104,105,107
José Quijada,2024,104,,,,146,,87,,,104,83,86
Yunior Marte,2024,93,104,101,98,108,,,,,104,98,105
José Leclerc,2024,102,80,109,,118,,73,,,104,96,100
Yusei Kikuchi,2024,107,,,,104,99,100,,,104,106,110
Justin Bruihl,2024,,108,87,,111,,,,,104,102,97
Joe Mantiply,2025,89,108,,,,101,103,,,104,91,96
Luarbert Arias,2025,94,,,107,110,,,,,104,85,85
José Cisnero,2024,114,96,95,,103,,95,,,104,87,92
Taylor Rogers,2024,,93,,,116,,,,,104,97,94
Hunter Bigge,2024,105,,,,101,109,,,,104,107,111
Andre Granillo,2025,70,,,,120,,103,,,104,110,115
Tony Santillan,2024,95,,,,117,,83,,,104,114,116
Spencer Bivens,2024,78,102,93,,125,,92,,,104,106,111
John Schreiber,2025,108,115,86,,103,,,,,104,112,112
Jared Jones,2024,104,,,,108,91,100,,,104,105,110
Matthew Liberatore,2024,87,98,97,,120,151,83,,,104,98,100
José Marte,2024,98,108,,,110,,78,,,104,88,94
Chad Green,2024,101,,81,,108,,,,,104,103,105
Joe Jiménez,2024,106,,,,103,,83,,,104,104,105
Yariel Rodríguez,2025,95,114,,104,111,,,,,104,97,103
Brandon Walter,2025,105,121,91,,115,,97,,,104,108,107
Cooper Criswell,2025,,105,94,,141,,100,,,104,111,112
Jhony Brito,2024,86,113,,,108,,109,94,,104,103,109
Max Fried,2024,101,107,104,,109,108,93,,,104,99,104
Tyler Kinley,2025,63,,,,118,124,99,,,103,98,101
Kyle Backhus,2025,,97,,,129,,,,,103,105,94
Jonathan Hernández,2024,,99,,,112,,83,,,103,89,93
Shawn Armstrong,2025,103,106,91,,116,133,,,,103,89,92
Tylor Megill,2024,104,106,88,122,108,92,119,,,103,95,100
Matt Moore,2024,88,,116,,,,123,110,,103,87,89
Kyle Finnegan,2025,101,,,106,116,,,,,103,104,105
Bryan Woo,2025,104,110,,,103,,81,,,103,111,112
Julian Merryweather,2025,88,,,,117,,153,,,103,98,102
Chase Lee,2025,88,94,,,125,,81,,,103,105,103
Mitch Spence,2024,,87,97,,111,124,80,,,103,102,106
Hunter Stratton,2025,93,,96,,117,,,,,103,109,108
Austin Davis,2024,,86,104,,129,,,,,103,76,75
Robert Garcia,2024,105,,,,118,,93,,,103,107,106
Kyle Finnegan,2024,101,,,106,124,,,,,103,104,104
Will Warren,2024,104,103,121,,109,,83,,,103,102,107
Brock Burke,2024,99,110,,,107,,110,,,103,99,101
Drey Jameson,2025,82,112,,,110,,101,,,103,68,80
Jordan Romano,2024,102,,,,104,,,,,103,105,113
Ryan Fernandez,2024,100,107,95,,108,,,,,103,93,98
Mike Baumann,2024,101,103,,,87,,89,118,,103,96,102
Jason Adam,2025,99,,120,,105,,103,,,103,90,96
Cooper Criswell,2024,,104,93,,121,,88,,,103,101,101
Luis Castillo,2024,99,98,,,119,,96,,,103,103,105
Scott Barlow,2025,93,88,,,105,121,,,,103,86,88
Brent Suter,2025,112,100,,,76,,103,,,103,97,103
Brandon Pfaadt,2024,98,100,,77,122,94,81,,,103,107,108
Tanner Bibee,2025,86,113,100,,114,112,116,,,103,97,100
Parker Mushinski,2024,92,95,98,,118,120,,,,103,97,102
Gregory Santos,2025,71,88,,,117,,84,,,103,87,93
Edwin Uceta,2024,,,104,,109,130,90,,,103,105,107
Jacob Latz,2024,108,,,,103,87,95,,,103,95,99
Tyler Matzek,2025,99,118,,,108,,,,,103,90,90
Erik Miller,2024,85,,,,133,,114,,,103,101,104
Jordan Wicks,2025,104,118,,,97,,91,,,103,108,108
Troy Taylor,2025,90,,,,125,,83,,,103,102,102
Lance McCullers Jr.,2025,80,83,95,,124,,82,119,,103,92,96
Scott Barlow,2024,83,88,,,105,120,,,,103,84,88
Nick Pivetta,2024,100,,93,,118,88,,,,103,107,109
Codi Heuer,2025,95,,,,119,,105,,,103,116,107
Tanner Bibee,2024,92,115,,,116,109,113,,,103,100,99
Jimmy Herget,2024,65,78,,,98,140,78,,,103,95,96
Tanner Rainey,2024,103,,,,104,,80,,,103,85,88
Michael Tonkin,2024,103,94,,,105,,,,,103,98,98
Ryan Johnson,2025,87,82,103,100,121,,,,,103,103,103
Cionel Pérez,2024,91,114,,,98,,,,,103,102,105
Jordan Romano,2025,102,,,,103,,,,,103,104,107
AJ Blubaugh,2025,100,,84,,108,101,106,,,103,110,108
Joel Payamps,2024,111,91,,,106,,80,,,102,105,105
Connor Brogdon,2025,106,,102,,,,100,,,102,100,104
Mitch Spence,2025,,86,94,,110,121,83,,,102,99,101
Ryan Pressly,2024,89,98,,,106,119,97,,,102,99,103
Frankie Montas,2024,97,97,102,110,118,,,,,102,98,101
Connor Brogdon,2024,104,,91,,,,107,,,102,65,73
Beau Brieske,2024,98,102,,,112,,103,,,102,96,99
Matt Krook,2024,,95,80,,140,,60,,,102,81,80
Tucker Davidson,2024,92,83,,120,111,88,,,,102,100,104
James McArthur,2024,81,105,,,90,113,,,,102,104,106
Corbin Burnes,2025,,84,97,,114,126,86,,,102,102,108
Shane Baz,2024,99,,,,106,115,82,,,102,96,100
Jordan Wicks,2024,103,97,108,,112,91,101,,,102,100,102
Nick Sandlin,2025,97,98,,90,111,,,,,102,91,89
John King,2024,95,107,,,120,,84,,,102,107,108
Bryan Baker,2024,90,,,,104,108,137,,,102,100,106
Keaton Winn,2024,83,99,,115,105,,,,,102,96,100
Ryne Nelson,2024,107,,87,,104,89,107,,,102,103,103
Carlos Estévez,2024,101,,,,114,99,80,,,102,103,104
Max Kranick,2025,101,92,,,101,109,,,,102,110,111
Phil Maton,2025,,86,90,,101,122,,,,102,102,107
Josh Sborz,2024,96,,,,105,111,,,,102,102,103
Freddy Peralta,2025,109,,,,109,102,77,,,102,100,102
Josh Winckowski,2025,90,120,99,,102,,107,,,102,92,91
Brent Headrick,2024,107,,,,111,,90,,,102,101,100
Hayden Birdsong,2025,98,,,,94,98,128,,,102,92,97
Nestor Cortes,2025,101,117,107,,92,,96,,,102,82,86
Orlando Ribalta,2024,93,,,,120,,104,,,102,98,96
Brennan Bernardino,2025,,104,89,,82,116,91,,,102,88,88
Nick Lodolo,2025,101,97,,,,116,90,,,102,100,99
Guillo Zuñiga,2024,87,106,,,114,,110,,,102,92,97
Spencer Arrighetti,2025,110,94,91,,105,113,70,,,102,100,105
Nick Burdi,2025,80,101,,,120,,92,,,102,90,91
Clay Holmes,2025,75,100,89,,112,,102,,,102,103,106
Yuki Matsui,2024,99,,,101,106,85,,,,102,94,98
José Buttó,2025,103,98,,,100,,89,,,102,98,104
Graham Ashcraft,2024,,73,98,,123,,98,,,102,96,100
Bryse Wilson,2024,109,103,98,,,106,81,,,102,98,98
Easton Lucas,2025,101,,104,,110,,92,,,102,90,91
Joely Rodríguez,2024,,109,,,101,,92,,,102,99,97
Ryan Yarbrough,2025,94,96,98,,119,,99,,,102,104,100
Victor Mederos,2024,99,114,,,96,120,72,,,102,89,93
Matt Sauer,2025,105,103,100,101,100,97,104,,,102,94,95
Kevin Gausman,2025,102,107,,102,97,,,,,102,107,108
Easton McGee,2025,97,98,88,,114,117,80,,,102,121,116
Trevor Richards,2024,87,,,,,,115,,,102,95,95
Rafael Montero,2024,103,118,,,101,,84,,,102,95,98
Andrew Chafin,2025,78,88,,,124,,71,,,102,91,91
Caleb Ferguson,2024,97,118,105,,111,99,,,,102,100,99
Randy Vásquez,2024,103,99,96,,116,106,84,,,101,97,98
Phil Bickford,2024,101,,,,101,,,,,101,85,87
Gavin Williams,2024,102,,102,,101,104,79,,,101,103,104
Carlos Rodriguez,2025,124,90,92,,122,115,75,,,101,88,88
Eduard Bazardo,2025,90,106,101,89,107,,,,,101,103,100
Justin Wrobleski,2025,103,91,103,,118,88,126,,,101,94,95
Will Warren,2025,99,110,,,105,115,84,,,101,100,103
Tyler Alexander,2024,104,92,101,,118,,84,,,101,106,102
Collin Snider,2025,97,79,103,,109,106,,,,101,108,102
Cole Winn,2024,105,107,,108,90,93,,,,101,97,97
River Ryan,2024,94,112,97,,108,109,94,,,101,87,92
Alex Cobb,2024,,108,,97,,,,96,,101,113,117
Drew Smith,2024,99,101,106,,106,98,94,,,101,97,96
Tyler Holton,2025,91,111,93,,116,133,88,,,101,100,101
Ray Kerr,2024,99,,90,81,,107,,,,101,91,92
Steven Matz,2025,,97,,,90,111,107,,,101,113,109
Robert Garcia,2025,102,,,,105,,97,,,101,98,97
Adbert Alzolay,2024,101,94,107,,104,,82,,,101,91,94
Bryce Miller,2025,105,99,85,104,99,,,99,,101,93,95
Ben Casparius,2024,77,,100,,130,115,,,,101,100,95
Jack Kochanowicz,2024,85,99,,,,112,92,,,101,100,100
Cristian Mena,2024,97,108,,,115,104,88,,,101,87,89
Jesús Luzardo,2025,84,104,,,120,,95,,,101,110,111
Justin Steele,2024,93,100,,,117,116,86,,,101,102,102
Daniel Hudson,2024,97,98,,,103,,79,,,101,105,103
Hurston Waldrep,2024,80,,,132,94,85,,,,101,64,71
Sammy Peralta,2024,93,,,,118,,95,,,101,93,89
Tayler Saucedo,2024,88,106,,,108,104,84,,,101,88,91
Scott Alexander,2024,,99,,,112,,94,,,101,101,103
Sam Long,2024,95,,,93,114,97,,,,101,95,95
Clayton Kershaw,2024,90,88,,87,106,117,77,,,101,97,100
Tanner Banks,2024,97,96,,,100,121,92,,,101,105,106
Grant Anderson,2025,103,108,,,98,,85,,,101,101,100
Clarke Schmidt,2025,96,86,91,,111,,,115,,101,103,104
Spencer Turnbull,2024,85,83,,,122,105,88,,,101,101,103
Bryan King,2024,93,92,,,117,89,,,,101,98,102
Matt Koch,2024,92,,104,,106,,,,,101,87,72
Tyler Holton,2024,97,108,96,,113,122,91,,,101,102,101
Garrett Whitlock,2025,,98,,,99,,109,,,101,102,101
Tim Herrin,2024,88,115,,,94,109,,,,101,99,97
Isaiah Campbell,2024,92,87,,,103,,,,,101,96,99
Seth Martinez,2024,101,92,,,111,,88,,,101,99,99
Eric Orze,2025,85,76,,114,75,,,,,101,93,99
Trevor Richards,2025,84,,,,102,,124,,,101,111,107
José Suarez,2024,100,96,99,,109,90,96,,,101,88,91
Justin Steele,2025,95,101,,,112,110,84,,,101,100,97
Lou Trivino,2025,99,93,99,,126,,92,,,101,94,96
Grant Taylor,2025,112,,104,,77,71,,,,101,116,114
Chris Devenski,2024,80,,99,,113,,112,,,101,94,95
Elvis Peguero,2025,,96,,,106,,,,,101,96,97
Luis Medina,2024,87,112,,,109,122,96,,,101,89,89
Alex Lange,2024,80,111,,,,,105,100,,101,91,96
Rob Zastryzny,2024,95,,101,,132,,100,,,101,91,88
Ryan Brasier,2024,106,107,87,,99,,,,,101,109,103
Connor Seabold,2025,100,,,,103,,98,,,101,96,95
Ty Adcock,2024,91,,96,,115,,,,,101,87,89
George Kirby,2025,95,95,,105,99,,,118,,101,114,111
Austin Voth,2024,102,,97,,101,105,,,,101,102,100
Justin Topa,2025,,101,77,,124,,90,,,101,104,102
Michael King,2025,102,104,,,112,,80,,,100,103,104
Tommy Nance,2024,71,105,,,102,96,,,,100,96,100
Luis Frías,2024,91,101,102,,112,,,,,100,90,93
Walter Pennington,2024,76,109,90,,103,,,,,100,83,82
Jacob Barnes,2024,106,,95,,102,,,,,100,100,101
Michael Wacha,2024,90,90,78,,90,87,128,,,100,104,106
Isaac Mattson,2024,102,,,,98,,98,,,100,84,83
Gavin Williams,2025,98,94,82,,106,111,87,,,100,92,95
Luke Jackson,2024,88,,72,,106,109,,,,100,104,106
Ryan Gusto,2025,105,111,97,,110,89,80,,,100,97,97
Spencer Arrighetti,2024,99,,87,,111,117,84,,,100,98,98
Mitch Keller,2024,96,95,94,,117,92,91,,,100,97,97
Calvin Faucher,2024,,90,114,,129,106,,,,100,94,93
Justin Wrobleski,2024,92,86,112,,117,103,93,,,100,98,98
Huascar Brazobán,2024,88,102,100,,,,108,,,100,93,97
Christian Scott,2024,97,,,97,106,,,,,100,101,103
Carmen Mlodzinski,2025,89,113,94,,107,,99,,,100,106,105
Ryan Borucki,2024,,108,,,99,,90,,,100,100,106
Tim Mayza,2024,86,101,,,99,,,,,100,98,100
Luke Weaver,2024,106,,90,,,,99,88,,100,98,102
Ryan Weathers,2024,96,88,,,115,,100,,,100,100,99
Sam Hentges,2024,86,98,,,102,113,,,,100,112,109
Jeff Brigham,2025,102,,95,,105,,,,,100,87,84
John Schreiber,2024,98,112,91,,102,,78,,,100,102,100
Steven Wilson,2025,98,,,,102,,91,,,100,103,108
Ron Marinaccio,2024,94,,,,117,,102,,,100,91,89
Nick Vespi,2024,,,91,,121,101,,,,100,96,98
Thyago Vieira,2024,104,96,,,105,,102,,,100,94,95
Zach Eflin,2024,93,98,95,,111,113,83,,,100,109,105
Kutter Crawford,2024,104,,95,98,108,,,82,,100,104,104
Bryan Hudson,2024,102,,95,,99,,,,,100,103,99
J.T. Ginn,2025,92,111,76,,88,,90,,,100,102,107
Michael Fulmer,2025,105,85,97,,179,119,87,,,100,80,82
Jesus Tinoco,2025,88,100,,,109,,83,,,100,106,105
Max Scherzer,2024,98,,108,,105,101,91,,,100,104,102
Walker Buehler,2024,97,101,98,,118,,82,101,,100,98,100
Jordan Leasure,2025,109,,,98,88,,,,,100,92,98
Fraser Ellard,2025,99,107,,,106,,85,,,100,93,90
MacKenzie Gore,2025,104,,106,,98,92,96,,,100,105,106
Ryan Miller,2024,,101,,,98,,,,,100,103,100
Jackson Rutledge,2024,96,88,105,105,110,128,,,,100,97,95
Yerry Rodríguez,2024,88,,,,125,,93,,,100,95,93
Mike Vasil,2025,96,99,96,,112,98,91,,,100,93,95
Yu Darvish,2024,111,98,92,96,99,92,,96,,100,101,101
Shelby Miller,2025,98,,,107,87,,,,,100,109,107
Matt Manning,2024,95,,,93,108,96,,,,100,98,97
Ben Brown,2024,85,,,,,,76,126,,100,95,94
Nathan Eovaldi,2024,93,,95,108,97,104,,,,100,104,101
Patrick Sandoval,2024,84,91,,,108,99,105,,,100,104,107
Nick Sandlin,2024,104,98,,83,109,,,,,100,91,92
Sean Burke,2024,108,,,,93,94,103,,,100,103,104
Yonny Chirinos,2024,80,100,,104,106,,,,,100,95,92
Ryan Fernandez,2025,94,,90,,105,,61,,,100,85,86
Trent Thornton,2025,98,88,102,,106,95,87,,,100,94,93
Jesse Hahn,2025,,96,,,109,103,,,,100,83,92
Nick Pivetta,2025,95,87,87,,115,101,,,,100,115,109
Pierce Johnson,2025,80,,83,,,108,,,,100,104,100
Tony Santillan,2025,91,,,,116,,,,,100,104,97
Hayden Birdsong,2024,80,,,,104,118,124,,,100,89,89
George Soriano,2025,88,103,,,94,,111,,,100,96,98
Greg Weissert,2025,96,99,,,111,,87,,,100,103,103
Jordan Weems,2024,93,,,115,109,133,,,,100,88,87
Jhonathan Díaz,2025,80,83,,,118,98,77,,,99,101,85
Andrew Kittredge,2024,89,101,111,,101,,,,,99,112,111
Luis L. Ortiz,2025,94,112,88,,104,,98,,,99,95,95
Kirby Snead,2024,92,99,,,116,,89,,,99,86,85
Andrew Heaney,2024,104,116,88,,95,86,95,,,99,103,100
Sean Reynolds,2025,79,,,,120,,105,,,99,101,101
Josh Fleming,2024,99,116,83,,,97,93,,,99,94,96
Gus Varland,2024,99,119,,,100,,87,,,99,108,107
Bryan Sammons,2024,99,,96,,112,88,90,,,99,88,84
Colin Selby,2025,84,97,,,103,,,111,,99,90,91
Taj Bradley,2025,100,,104,93,,98,,,,99,90,90
Shota Imanaga,2025,112,72,,81,109,81,86,,,99,113,112
Wes Parsons,2024,100,109,,,94,100,85,,,99,92,93
Sam Long,2025,92,107,,103,106,91,,,,99,99,98
Cristian Javier,2024,97,,,,113,,89,92,,99,94,98
Jaden Hill,2025,76,84,,,126,,113,,,99,91,89
Wandy Peralta,2025,79,96,,,106,,104,,,99,99,98
John Means,2024,96,,,,103,,100,102,,99,106,103
Dan Altavilla,2024,95,,,,110,,69,,,99,100,105
Victor Vodnik,2024,94,,,,112,,104,,,99,99,100
Gavin Stone,2024,98,111,86,,94,82,98,,,99,103,104
Brett de Geus,2024,129,90,102,61,,,,117,,99,103,107
Luis Peralta,2025,99,,,,,102,79,,,99,89,83
Jesús Luzardo,2024,88,88,,,121,89,95,,,99,98,98
Hunter Gaddis,2024,95,,,,98,,112,,,99,110,110
Reynaldo López,2025,94,,,,112,92,84,,,99,95,92
Tayler Saucedo,2025,80,104,,,118,,75,,,99,84,90
Jalen Beeks,2025,96,,112,,,,98,,,99,98,97
Sean Hjelle,2025,,97,82,,,,,105,,99,81,81
Buck Farmer,2024,78,92,,,115,,101,,,99,100,98
Casey Mize,2024,97,106,,105,97,,,95,,99,104,103
Deivi García,2024,107,,,,103,81,80,,,99,79,81
Peter Strzelecki,2024,92,94,87,,115,,96,,,99,95,94
Dylan Coleman,2024,89,,105,,166,,,,,99,36,32
Anthony Banda,2025,93,100,,,100,,91,,,99,93,94
Kyle Leahy,2025,100,100,,,98,107,90,,,99,113,116
Eduardo Salazar,2024,85,105,,,94,71,59,,,99,99,101
Emmanuel Ramirez,2024,86,,,116,106,,,,,99,97,95
Anthony Gose,2024,87,,,,114,,,,,99,101,98
Jack Flaherty,2025,102,77,,,90,,74,107,,99,102,99
Freddy Peralta,2024,100,,,,106,102,84,,,99,102,100
John Brebbia,2024,102,,,,96,,85,,,99,103,98
Triston McKenzie,2025,100,,,,89,97,,,,99,57,59
Mason Englert,2025,93,98,98,,97,97,104,,,99,109,107
DJ Herz,2024,98,,,,98,,103,89,,99,93,91
Carson Palmquist,2025,92,105,83,,113,,75,,,99,90,90
Fraser Ellard,2024,95,92,95,,112,,100,,,99,85,85
Angel Perdomo,2025,97,,,,108,,68,,,99,70,69
Tyler Phillips,2025,75,100,,96,106,98,105,,,99,105,104
Edward Cabrera,2024,90,101,,,109,107,98,,,99,95,96
Bowden Francis,2024,98,77,,102,90,107,,,,99,103,100
Jackson Kowar,2025,80,81,,,133,,124,,,99,107,101
Logan Gilbert,2025,100,93,,141,76,80,,,,99,116,115
Jack Flaherty,2024,100,77,,,94,,79,106,,99,105,104
Dominic Leone,2024,104,105,94,,102,,92,,,99,88,90
Brenan Hanifee,2024,96,98,,,109,,81,,,99,104,98
Landen Roupp,2025,85,99,81,,,104,91,,,99,108,106
Jose E. Hernandez,2024,78,,,,109,,,,,99,103,101
Miguel Castro,2024,,99,,,110,,92,,,99,100,102
Jake Irvin,2024,98,106,88,,116,98,80,,,99,103,98
Cole Sands,2024,90,90,101,101,,116,,,,99,108,106
Sawyer Gipson-Long,2025,98,107,92,,98,,98,,,99,110,106
Ben Brown,2025,85,,,,,,90,119,,99,99,97
Jorge López,2025,80,108,,,106,,92,106,,98,95,91
Colten Brewer,2024,87,91,102,,99,115,,,,98,97,95
Nathan Eovaldi,2025,94,,87,104,95,107,,,,98,105,104
Charlie Morton,2025,85,94,86,,,117,89,,,98,94,94
Bryan Hoeing,2024,84,97,,103,102,,,,,98,103,102
Jordan Leasure,2024,100,,,,97,96,,,,98,90,90
Landen Roupp,2024,89,98,,,93,103,80,,,98,102,100
J.B. Bukauskas,2024,,93,,,104,,,,,98,100,98
Spencer Bivens,2025,88,104,93,,116,109,86,,,98,98,94
Michael Wacha,2025,87,90,80,,89,95,130,,,98,103,101
Sean Manaea,2024,100,99,89,,104,,86,,,98,97,94
Geoff Hartlieb,2024,92,90,100,,118,,,,,98,105,101
Tyler Anderson,2024,90,93,102,,109,85,105,,,98,96,94
Richard Fitts,2024,92,,,101,104,,,,,98,105,106
Mason Black,2024,105,97,,,95,,78,,,98,99,94
Chris Bassitt,2024,91,103,90,89,107,100,79,,,98,97,94
Michael Mercado,2024,92,,101,,,108,102,,,98,91,89
Matthew Liberatore,2025,86,91,95,,111,126,83,,,98,103,100
Anthony Veneziano,2025,85,106,,,106,,91,,,98,104,104
Jose Cuas,2024,102,95,,,101,,81,,,98,85,84
Ian Hamilton,2025,94,91,,,108,,,,,98,85,81
Hunter Dobbins,2025,86,,,100,108,106,,,,98,106,105
Robbie Ray,2025,107,,,,91,,80,91,,98,93,92
Richard Fitts,2025,95,92,,,102,97,94,,,98,101,100
Shawn Dubin,2024,93,,100,,114,98,102,,,98,86,89
Louis Varland,2024,100,96,99,,,,94,106,,98,97,98
Omar Cruz,2025,96,,,,95,91,106,,,98,79,75
Luis L. Ortiz,2024,95,105,86,,104,,83,,,98,101,99
Jakob Junis,2024,106,83,79,,114,,71,,,98,112,105
Colton Gordon,2025,89,96,,,116,86,73,,,98,110,102
Logan VanWey,2025,93,96,92,,111,,93,,,98,99,96
Bryan King,2025,90,90,,,110,97,92,,,98,113,107
Sean Newcomb,2025,95,92,87,,,115,85,,,98,93,88
Reynaldo López,2024,92,,,,111,96,94,,,98,103,98
Matt Festa,2025,99,,90,,101,,,,,98,85,82
Joe La Sorsa,2024,108,93,,,116,,74,,,98,101,92
Nick Mears,2025,95,,,,103,101,,,,98,107,102
Lance Lynn,2024,104,84,101,,113,102,73,,,98,95,92
Chris Bassitt,2025,85,103,98,85,110,95,90,,,98,104,100
Jonathan Cannon,2025,111,93,90,,118,,88,,,98,101,100
Will Klein,2024,92,,,,106,104,,,,98,95,97
Nick Ramirez,2024,113,104,,,94,,90,,,98,80,81
Dennis Santana,2025,91,97,92,,105,,80,,,98,105,100
Ryder Ryan,2024,69,104,,,101,,66,,,98,88,85
Owen White,2025,78,83,,,113,74,85,,,98,92,91
AJ Smith-Shawver,2025,90,,,114,81,89,,,,98,95,94
Will Vest,2024,93,110,,,101,,105,,,98,107,102
Cole Sulser,2025,95,,92,,125,,102,,,98,104,100
Brock Burke,2025,93,105,,,99,,105,,,98,90,90
Keegan Thompson,2024,90,88,95,,113,110,81,,,98,97,97
José Ruiz,2025,93,100,,,105,99,102,,,98,105,104
Joey Wentz,2024,91,,103,,,104,99,,,98,95,92
Dustin May,2025,94,94,87,,104,,,,,98,98,97
Charlie Morton,2024,79,92,88,,,116,88,,,98,96,93
Chad Kuhl,2024,103,95,85,,104,,84,,,98,84,85
Chad Green,2025,96,85,,,99,,,,,98,104,103
Dylan Dodd,2024,87,,105,,106,,104,,,98,91,86
Luis Castillo,2025,93,91,,,113,,96,,,98,104,102
Tim Herrin,2025,83,113,,,92,103,,,,97,89,85
Zebby Matthews,2024,97,,89,,105,105,89,,,97,99,97
Walker Buehler,2025,98,91,94,,109,,78,107,,97,98,98
Shota Imanaga,2024,105,78,80,85,111,81,100,,,97,109,106
Quinn Priester,2025,,102,84,,97,102,93,,,97,97,94
Patrick Monteverde,2025,92,75,105,,99,106,90,,,97,90,86
Cade Povich,2025,99,99,,,99,96,92,,,97,102,98
Ranger Suárez,2024,84,104,96,,60,101,97,,,97,111,108
Yosver Zulueta,2025,,90,,,120,,74,,,97,74,73
Brayan Bello,2024,92,109,,,95,,84,,,97,107,107
Dean Kremer,2025,106,86,105,97,112,86,,,,97,101,96
Jack Dreyer,2025,102,122,,,95,91,,,,97,97,95
Justin Topa,2024,,90,73,,131,,80,,,97,105,93
Sonny Gray,2024,87,105,84,,128,85,80,,,97,106,107
Mike Burrows,2024,81,,,,118,111,118,,,97,89,80
Tyler Matzek,2024,94,,96,,104,,,,,97,92,88
Edwin Uceta,2025,109,,94,,117,,86,,,97,104,100
Alex Faedo,2024,94,89,,,104,,92,,,97,97,94
Cade Povich,2024,97,103,100,,110,99,76,,,97,97,94
Andrew Chafin,2024,81,91,,,108,,,,,97,91,92
Will Smith,2024,78,,,,114,91,87,,,97,101,98
Casey Legumina,2024,97,,,,106,,90,,,97,100,98
Lake Bachar,2025,94,,,92,101,,,,,97,93,93
Lyon Richardson,2025,95,101,,,105,89,98,,,97,98,94
Humberto Castellanos,2024,99,112,94,,,94,68,,,97,83,78
Justin Hagenman,2025,,111,95,,98,,81,,,97,107,103
Scott Alexander,2025,,97,,,106,,86,,,97,101,101
Kyle Bradish,2024,87,93,,,106,99,,,,97,110,107
Alan Rangel,2025,79,,,,93,92,128,,,97,112,103
Brandon Hughes,2024,89,86,,,111,,,,,97,100,98
Davis Martin,2025,97,99,96,,98,91,98,,,97,99,98
Bryse Wilson,2025,96,106,92,,,105,85,,,97,94,93
Steven Matz,2024,,93,,,90,106,106,,,97,110,106
Garrett McDaniels,2025,,93,,,100,106,,,,97,79,77
Kumar Rocker,2024,79,117,,,109,83,92,,,97,106,102
JT Chargois,2024,69,89,,,109,,58,,,97,99,96
Yoshinobu Yamamoto,2024,85,103,86,114,115,99,,,,97,108,105
Hogan Harris,2024,96,,,,89,102,101,,,97,96,92
Tanner Houck,2025,79,98,,83,106,,,,,97,102,100
Michael Soroka,2025,92,95,,,107,103,90,,,97,105,99
Hunter Bigge,2025,93,102,,75,101,93,,,,97,105,104
Brandon Pfaadt,2025,98,92,,,115,104,74,,,97,101,98
JP Sears,2025,79,69,,,123,,81,,,97,105,98
Yoendrys Gómez,2025,90,93,75,,113,103,74,,,97,75,76
José Suarez,2025,95,,,,104,136,93,,,97,75,78
Luke Weaver,2025,102,,78,,81,,95,,,97,107,104
Sonny Gray,2025,83,93,86,,126,93,81,,,97,103,102
Bailey Ober,2024,93,,91,,91,86,112,,,97,107,104
Stephen Kolek,2025,86,114,81,,102,,91,,,97,99,99
Wade Miley,2024,100,101,94,,120,98,94,,,97,91,84
Seth Lugo,2024,93,94,93,86,102,107,77,,,97,100,97
David Festa,2024,101,,,,97,,91,,,97,102,103
Casey Mize,2025,93,106,,106,80,98,,,,97,104,103
Andrew Kittredge,2025,82,104,,102,97,,,,,97,104,102
Kirby Yates,2024,100,,,92,89,,,,,97,99,94
Jameson Taillon,2025,95,98,91,,113,89,96,,,97,110,104
Phil Maton,2024,,86,83,,100,114,,,,97,100,103
Andre Pallante,2024,96,104,,,90,,,96,,97,101,100
Shane Smith,2025,92,95,,,98,99,104,,,97,100,100
Joey Estes,2024,86,68,97,,122,,79,,,97,107,99
Ronny Henriquez,2024,107,111,,,97,,86,,,96,99,99
Max Meyer,2025,90,108,,,95,,100,,,96,107,107
Cade Gibson,2025,89,89,,,106,102,94,,,96,104,102
José Leclerc,2025,101,74,108,,110,127,67,,,96,93,90
Daniel Lynch IV,2025,84,106,,,102,,99,92,,96,76,76
Logan Evans,2025,67,101,95,,112,114,80,,,96,102,99
Kyle Freeland,2025,96,85,87,,108,,74,108,,96,104,100
Carlos Estévez,2025,93,,,,106,,85,,,96,92,89
Colin Rea,2024,105,93,93,82,103,98,,,,96,100,95
Colin Poche,2025,102,,,,82,,,,,96,79,81
Dean Kremer,2024,102,88,102,92,,86,,,,96,100,96
Matt Krook,2025,,98,77,,109,,86,,,96,113,108
Carson Spiers,2024,98,94,87,,114,,71,,,96,101,95
Logan Gilbert,2024,96,96,93,124,87,93,,,,96,113,111
Sean Newcomb,2024,97,95,,,,97,88,,,96,85,84
Bailey Falter,2024,100,101,,71,90,90,,,,96,98,95
Kevin Herget,2025,99,,88,,,,120,,,96,99,97
Roddery Muñoz,2024,102,96,91,,105,,75,,,96,91,87
Cade Horton,2025,92,81,,,111,97,87,,,96,101,99
Tyler Glasnow,2025,100,99,,,85,96,,,,96,85,88
Janson Junk,2024,98,96,,,91,100,,,,96,107,101
Randy Vásquez,2025,88,92,90,,118,103,86,,,96,98,94
Mitch Keller,2025,89,95,,,105,93,93,,,96,102,98
Kyle Harrison,2025,98,,,,,92,96,,,96,118,107
Spencer Strider,2025,94,,,,99,98,98,,,96,88,86
Paul Blackburn,2025,,90,94,,99,119,84,,,96,114,110
Jacob Webb,2024,98,,,,96,,92,,,96,100,96
Tyler Anderson,2025,92,82,96,,104,75,101,,,96,97,89
Jhonathan Díaz,2024,77,103,,,122,98,85,,,96,93,88
Paxton Schultz,2025,99,,93,,96,,95,,,96,102,98
Logan Allen,2024,86,91,94,95,112,83,,,,96,97,95
Clayton Kershaw,2025,93,,,79,94,111,,,,96,92,91
Kyle Nelson,2024,84,,91,,105,,,,,96,106,97
Nick Robertson,2024,90,,95,,110,,89,,,96,100,95
Elieser Hernández,2024,100,80,104,,95,,80,,,96,98,91
Eli Morgan,2025,77,,,,91,,112,,,96,117,112
Ranger Suárez,2025,84,100,96,,109,100,95,,,96,113,109
Tyler Alexander,2025,92,92,96,,118,,87,,,96,102,93
Seth Lugo,2025,93,88,95,83,101,108,78,,,96,96,90
Osvaldo Bido,2025,95,95,103,,103,,77,,,96,94,90
Andrew Abbott,2025,91,,93,,115,98,91,,,96,99,93
Chayce McDermott,2024,96,,,,87,96,109,,,96,100,97
Kevin Gausman,2024,98,95,,93,93,,,,,96,105,103
Kyle Hart,2025,87,85,,,108,,83,,,96,101,98
Braxton Garrett,2024,80,104,88,,97,77,101,,,96,102,98
Joey Lucchesi,2024,,109,72,,,98,149,,,96,89,86
Josh Winder,2024,74,103,,,108,,99,,,96,104,98
Michael King,2024,98,97,,,113,,76,,,96,104,100
Carlos Rodriguez,2024,107,91,89,,104,112,76,,,96,106,100
Ty Adcock,2025,81,79,98,91,121,,,,,96,57,56
Matthew Boyd,2025,87,99,,,113,109,94,,,96,105,96
Kumar Rocker,2025,84,99,105,,98,95,78,,,96,100,95
Nic Enright,2025,97,,,109,96,80,,,,96,91,87
J.P. Feyereisen,2025,78,,,,99,,108,,,96,108,99
Jonathan Cannon,2024,100,90,87,,120,,83,,,96,104,100
Victor González,2024,,99,,,104,,77,,,96,82,81
Hayden Wesneski,2024,86,106,80,,105,,97,,,96,105,101
Carlos Duran,2025,80,94,,,129,,,,,96,62,61
John McMillon,2024,92,,88,,98,,,,,96,90,90
Lake Bachar,2024,90,,,,104,,90,,,96,99,96
Brady Singer,2025,99,99,83,,94,,,,,95,98,94
Yerry De los Santos,2025,73,94,,,109,,100,,,95,101,98
Michael Soroka,2024,96,91,,,100,,89,,,95,91,87
Bailey Ober,2025,93,81,,,91,79,107,,,95,102,99
JP Sears,2024,88,75,,,122,,75,,,95,104,96
Mitch White,2024,89,83,,,105,99,,,,95,116,111
Janson Junk,2025,99,,,,92,98,91,,,95,115,110
Kris Bubic,2025,102,95,,,86,,98,,,95,103,101
Kevin Herget,2024,78,,97,,110,,117,,,95,90,82
Hunter Gaddis,2025,96,,,,91,,106,,,95,99,94
Cole Sands,2025,87,82,103,90,,120,,,,95,108,103
Chris Paddack,2025,97,89,,,86,87,101,,,95,113,108
Josh Walker,2024,96,82,,,,104,,,,95,91,90
Derek Law,2024,94,82,88,,109,97,98,,,95,107,102
Nathan Wiles,2025,92,,103,,,,93,,,95,115,108
Jesse Chavez,2024,,86,103,,112,115,72,,,95,102,95
Bailey Falter,2025,101,102,,81,85,89,,,,95,97,94
Kai-Wei Teng,2024,70,95,,,100,98,78,,,95,90,90
Chase Silseth,2024,88,97,,106,96,106,,,,95,90,88
Keider Montero,2025,89,101,,,104,,85,94,,95,97,92
Slade Cecconi,2024,91,,,,101,101,96,,,95,111,104
Trevor Williams,2025,94,84,,,102,,86,,,95,105,100
Eli Morgan,2024,78,,,,97,,121,,,95,104,96
Nick Avila,2024,94,94,98,,105,,,91,,95,103,94
Dedniel Núñez,2025,84,85,,,106,,135,,,95,64,68
Nick Martinez,2024,91,90,83,,97,86,120,,,95,113,106
David Festa,2025,102,95,,,95,,87,,,95,105,106
Ty Madden,2024,98,82,100,91,95,,,83,,95,95,94
Mike Clevinger,2024,98,97,105,,99,84,79,,,95,98,95
Pablo López,2025,91,109,,,91,94,102,,,95,112,106
Valente Bellozo,2025,80,,99,85,125,85,87,,,95,97,90
Kris Bubic,2024,103,105,139,,90,,92,,,95,116,110
Luis F. Castillo,2025,88,98,,,106,,90,,,95,88,82
Cole Sulser,2024,92,,88,,105,,103,,,95,103,100
Colin Rea,2025,88,96,90,90,116,101,,,,95,100,94
Patrick Corbin,2025,81,93,93,,100,75,93,,,95,103,99
Kevin Ginkel,2024,84,97,,,110,,,,,95,112,107
Jalen Beeks,2024,89,,106,,,128,99,,,95,93,90
Erik Swanson,2024,87,,,113,86,,,,,95,95,90
Grant Hartwig,2024,79,91,91,,107,,77,,,95,87,83
Owen White,2024,87,99,99,,96,113,101,,,95,96,86
Bryce Jarvis,2024,81,98,99,,108,113,98,,,95,91,85
Trevor McDonald,2024,106,100,,,90,,81,,,95,91,87
Aaron Civale,2025,94,78,90,75,110,138,,,,95,100,92
Carson Spiers,2025,127,104,86,,101,,66,,,95,89,87
Wandy Peralta,2024,73,91,,,99,,102,,,95,101,98
Dillon Tate,2025,51,99,,,105,,78,,,95,93,88
Chase Petty,2025,92,89,,,100,,83,,,95,99,93
Darren McCaughan,2025,76,99,,,104,,90,,,95,122,114
Kent Emanuel,2024,,96,,,100,,76,,,95,84,78
Michael Grove,2024,102,101,95,,90,,,107,,95,111,107
Yoshinobu Yamamoto,2025,92,102,86,108,106,81,,,,95,105,103
Héctor Neris,2024,86,86,,103,92,,,,,95,99,90
Luis Contreras,2024,91,,,,97,110,81,,,95,91,90
Tony Gonsolin,2025,78,,,114,102,98,,,,95,94,88
Keider Montero,2024,88,97,,,103,,94,95,,95,99,94
Brandon Leibrandt,2024,82,80,,,99,104,101,,,95,99,88
Colin Selby,2024,84,108,,,89,,,95,,95,96,95
Hayden Wesneski,2025,81,98,86,,117,95,94,,,95,110,104
Tyler Gilbert,2025,103,90,92,75,108,,,99,,95,93,84
Dany Jiménez,2024,64,,,,113,,104,,,95,88,87
Brooks Kriske,2025,77,,154,106,,,,,,95,59,57
Craig Kimbrel,2025,111,,,,76,,,56,,94,99,117
Slade Cecconi,2025,90,90,121,,94,103,100,,,94,107,99
Josh Staumont,2024,97,92,,,95,106,,,,94,89,85
Luis Peralta,2024,91,,,,,107,75,,,94,88,82
Yusei Kikuchi,2025,99,96,,,89,93,98,,,94,105,103
Enyel De Los Santos,2024,83,,,,110,,79,,,94,104,96
Reese Olson,2025,86,86,,,104,96,99,,,94,99,94
Josiah Gray,2024,100,110,91,,96,81,85,,,94,89,83
Victor Vodnik,2025,90,,,,108,,92,,,94,105,108
Alec Marsh,2024,90,97,,,100,99,85,,,94,97,90
Jacob Barnes,2025,99,,92,73,101,,,,,94,94,91
Colin Poche,2024,95,,,,94,,,,,94,100,99
Spencer Turnbull,2025,89,72,,,96,122,85,,,94,126,119
Randy Wynne,2025,,91,97,,118,95,92,,,94,117,98
Kyle Muller,2024,83,,,,111,109,92,,,94,103,97
Raisel Iglesias,2025,95,94,,,122,,83,,,94,105,100
Roansy Contreras,2024,89,92,,,104,91,86,,,94,94,89
Eduardo Salazar,2025,83,103,,,93,,83,,,94,95,90
Landon Knack,2025,86,,,,107,,109,82,,94,100,95
Anthony Maldonado,2025,86,,,,103,,,,,94,82,79
Miles Mikolas,2024,85,90,,,105,106,83,,,94,108,97
Kyle Hurt,2024,79,97,,,89,55,106,,,94,100,92
Andrew Abbott,2024,88,,,,123,90,85,,,94,98,91
Beau Brieske,2025,90,101,,,110,,91,,,94,99,97
Andrew Hoffmann,2025,78,,,,93,,108,,,94,116,118
Miguel Díaz,2024,85,,,,88,,102,,,94,106,106
Jakob Junis,2025,68,88,,,110,,73,,,94,106,100
Daulton Jefferies,2024,99,90,83,,120,,69,,,94,107,102
Jake Irvin,2025,94,98,91,,106,97,78,,,94,103,94
Erasmo Ramírez,2024,104,94,90,,,107,90,,,94,102,94
Kodai Senga,2025,93,83,81,,84,64,,,112,94,96,94
Hunter Harvey,2025,84,,,108,117,103,,,,94,111,104
Jimmy Herget,2025,83,76,,,92,119,76,,,94,96,90
Thomas Harrington,2025,83,,89,95,114,,,,,94,93,86
Davis Martin,2024,89,,84,,100,93,101,,,94,97,94
Andrew Heaney,2025,98,102,,,93,98,87,,,94,103,94
Nick Nelson,2024,87,93,,,92,,106,,,94,97,91
Tayler Scott,2025,100,88,,90,82,,,,,94,93,84
Brandon Waddell,2025,87,93,,,103,,84,,,94,109,106
Félix Bautista,2025,,88,80,105,92,,,,,94,102,100
Kirby Yates,2025,96,,,91,,,,,,94,101,94
Craig Yoho,2025,97,,88,,119,,83,,,94,98,89
Zach Eflin,2025,85,99,89,,102,105,82,,,94,107,100
Cole Irvin,2024,90,96,97,,113,96,85,,,94,100,93
Pablo López,2024,95,107,,,89,97,89,,,94,113,106
Logan Henderson,2025,98,83,89,,93,,90,,,94,111,102
Noah Cameron,2025,78,,99,,103,99,99,,,94,101,99
Tyler Kinley,2024,65,70,,,109,,89,,,94,100,97
Sean Guenther,2024,86,99,,91,90,,,,,94,115,109
José Berríos,2024,89,94,87,,,100,87,,,94,104,99
Bowden Francis,2025,94,82,,93,88,95,,,,94,101,96
Jay Jackson,2024,92,79,,,100,,74,,,94,99,92
Landon Knack,2024,90,,,,112,81,94,,,94,101,94
Trevor Rogers,2025,90,110,,,94,,94,,,94,113,109
Xzavion Curry,2025,75,,,87,108,91,,,,94,90,79
Tayler Scott,2024,99,92,,84,90,,,,,94,95,90
Jeff Criswell,2024,86,100,,,104,102,82,,,94,96,93
Yariel Rodríguez,2024,87,89,,101,103,92,,,,94,93,90
Noah Davis,2025,70,79,87,,113,,,,,94,85,80
Jaden Hill,2024,89,83,,,115,,98,,,93,89,82
Patrick Corbin,2024,76,88,100,,99,77,92,,,93,102,96
Brandon Williamson,2024,86,,89,,110,106,105,,,93,90,83
Max Scherzer,2025,94,,103,,89,90,86,,,93,122,115
Enyel De Los Santos,2025,86,,,,104,,86,,,93,112,106
Kyle Leahy,2024,90,,,,99,94,86,,,93,110,109
Christian Montes De Oca,2025,87,86,,,112,,75,,,93,113,108
Liam Hendriks,2025,94,,,,92,92,,,,93,89,86
David Peterson,2024,82,97,,,104,93,92,,,93,98,96
Brayan Bello,2025,85,108,77,,87,,84,,,93,101,97
Joey Wentz,2025,91,,93,,,101,71,,,93,99,89
Jeffrey Springs,2025,88,,87,,94,,102,,,93,95,89
John Curtiss,2024,90,,,,96,,91,,,93,117,106
Angel Chivilli,2025,93,,,,101,,91,,,93,100,96
J.T. Ginn,2024,80,101,,,87,,84,,,93,109,104
Michael McGreevy,2025,91,100,80,,100,97,78,,,93,125,118
José Ureña,2024,93,95,,,102,,74,,,93,100,96
Gunnar Hoglund,2025,90,89,,,97,,97,,,93,106,102
Jack Kochanowicz,2025,85,98,,,96,,82,,,93,91,86
Héctor Neris,2025,89,91,,98,78,,,,,93,98,95
Elvin Rodriguez,2025,100,,85,,101,83,84,,,93,95,91
Shawn Dubin,2025,82,91,,,110,98,97,,,93,98,92
Ryan Pressly,2025,87,99,,,90,105,83,,,93,95,91
Dylan Floro,2024,86,98,,,91,,86,,,93,103,96
Tyler Phillips,2024,83,87,,,106,96,87,,,93,103,94
Taylor Clarke,2025,81,98,,,100,,97,,,93,99,95
Yaramil Hiraldo,2025,94,,,,88,,105,,,93,77,83
Hunter Strickland,2025,79,104,,,100,,86,,,93,106,101
Reese Olson,2024,73,98,,,103,97,96,,,93,99,93
Enoli Paredes,2024,98,85,,,93,,,,,93,86,83
Mike Burrows,2025,81,,,,100,97,104,,,93,99,94
Tyler Wells,2024,89,,98,,97,95,91,,,93,100,94
Joan Adon,2024,88,97,,,94,108,89,,,93,94,89
Rafael Montero,2025,93,105,,91,109,,,,,93,110,108
Ryan Feltner,2024,85,101,,,94,107,95,,,93,100,94
José Soriano,2025,80,100,,111,109,,,71,,93,111,107
Alex Wood,2024,,92,,,102,,83,,,93,99,88
Brad Keller,2024,83,82,,,106,92,82,,,93,98,93
Tom Cosgrove,2025,87,71,,,112,,,,,93,106,87
Andre Pallante,2025,89,103,,,91,,,98,,93,103,97
Jeffrey Springs,2024,84,59,87,,95,,104,,,93,99,92
Kenta Maeda,2025,80,92,124,98,93,109,,,,93,73,72
Jameson Taillon,2024,82,85,92,,120,99,77,,,93,108,100
Mason Englert,2024,85,96,87,,95,86,101,,,93,108,102
Ryan Burr,2024,89,,,,95,,,,,93,97,92
Joe Ross,2024,95,91,,,97,103,77,,,93,103,97
Declan Cronin,2024,104,89,,,94,,,,,93,100,94
Jesse Chavez,2025,,90,101,,,100,77,,,93,82,74
Michael Lorenzen,2025,88,96,81,,101,92,96,,,93,104,96
Ryan Brasier,2025,101,103,77,,86,,,,,93,102,97
Chase Anderson,2024,84,86,94,,101,88,92,,,93,103,98
Marc Church,2025,85,,,,99,,102,,,93,84,84
Eric Lauer,2025,89,82,99,,101,91,88,,,93,97,87
Logan Allen,2024,88,,97,,104,,91,,,93,93,84
Nick Martinez,2025,88,92,82,,92,84,112,,,93,109,102
Jordan Montgomery,2024,76,89,,,111,107,88,,,93,98,90
Tristan Beck,2024,87,,,,103,92,,,,93,90,82
Adam Oller,2024,100,,,,97,85,79,,,92,94,91
Brent Honeywell,2024,72,73,,,109,,133,,,92,101,90
José Buttó,2024,100,87,,,94,,85,,,92,86,83
Dan Altavilla,2025,91,88,,,95,,96,,,92,92,86
David Buchanan,2024,58,86,99,,,76,99,,,92,85,74
Joey Cantillo,2024,87,,,,77,90,107,,,92,99,90
Bryan Shaw,2024,,80,91,,103,93,74,,,92,83,78
Grant Holman,2025,83,89,,106,85,,,,,92,96,94
Dylan Smith,2025,85,,,99,116,,,,,92,70,65
Ian Anderson,2025,89,,,,,85,100,,,92,86,83
T.J. McFarland,2024,83,96,68,,94,,73,,,92,110,101
Chris Paddack,2024,87,,,,87,90,105,,,92,113,106
Alexis Díaz,2024,89,,,,96,,,,,92,104,97
Cristian Mena,2025,82,102,,,103,99,83,,,92,101,94
Logan Allen,2025,92,84,91,,104,,81,,,92,94,88
Hogan Harris,2025,89,,83,,94,95,102,,,92,103,93
Logan Gillaspie,2024,78,,77,,123,103,107,,,92,115,103
Kenta Maeda,2024,82,86,96,98,95,88,,,,92,104,99
Gerson Garabito,2025,98,107,,,87,89,79,,,92,98,91
Garrett Whitlock,2024,,97,77,,100,,90,,,92,105,100
Davis Daniel,2024,83,,,,116,96,84,,,92,108,99
Jacob Webb,2025,99,,,,85,,88,,,92,99,92
Adam Mazur,2024,76,87,,,110,104,82,,,92,93,89
Joe Ross,2025,86,94,,,99,117,79,,,92,106,97
Sean Guenther,2025,80,94,,83,96,,,,,92,98,93
Mitchell Parker,2025,87,,,99,97,98,,,,92,102,94
Adrian Houser,2025,93,102,,,87,60,105,,,92,102,96
Alexis Díaz,2025,95,,,,86,,,,,92,89,84
Tyler Gilbert,2024,99,85,89,68,97,,,99,,92,90,75
Chris Devenski,2025,83,,,,102,,93,,,92,111,103
Bryan Hudson,2025,93,86,83,,91,,86,,,92,79,71
Davis Daniel,2025,85,,,98,93,,,,,92,87,80
Peter Lambert,2024,82,97,90,,93,103,99,,,92,90,84
José Ureña,2025,93,85,,,111,,84,,,92,106,97
Taijuan Walker,2025,96,86,96,77,109,94,,,,92,99,92
Tommy Kahnle,2024,90,82,,,95,,92,,,92,89,85
Giovanny Gallegos,2024,62,,,,121,,75,,,92,94,85
Sean Reid-Foley,2024,90,104,,,86,,103,,,92,87,82
Kevin Ginkel,2025,80,93,,,101,,,,,92,94,87
Eduardo Rodriguez,2024,88,101,97,,106,,86,,,92,102,94
Ryan Bergert,2025,92,87,,,92,,77,,,92,94,92
Anthony Maldonado,2024,,79,74,,97,,,,,92,90,84
Matt Andriese,2024,92,83,97,,,88,118,,,92,107,93
Josh Walker,2025,89,95,,,,93,,,,92,87,86
Spencer Howard,2024,85,,,,98,88,103,,,92,100,89
Tyler Mahle,2025,99,,93,79,90,,,,,92,111,104
Sean Burke,2025,102,83,,,88,81,84,,,92,99,95
Jake Bloss,2024,95,88,,,92,84,82,,,92,106,100
Connor Gillispie,2025,95,,88,,98,71,77,,,92,93,85
Zac Gallen,2024,95,104,94,,94,,81,90,,92,104,100
Gordon Graceffo,2025,78,,,,95,114,96,,,92,108,100
Daniel Lynch IV,2024,76,103,88,,101,,99,90,,92,98,91
Carl Edwards Jr.,2025,99,,,,,86,82,,,91,112,112
Quinn Priester,2024,78,99,,,94,93,81,,,91,98,91
Bryce Elder,2025,66,90,,,102,,89,,,91,109,103
Jake Woodford,2024,87,92,83,,99,,78,,,91,99,92
Joey Cantillo,2025,88,,,,84,81,101,,,91,99,89
Austin Kitchen,2024,83,101,,,105,81,70,,,91,110,102
Ryan Rolison,2025,87,,,,100,92,90,,,91,101,93
Merrill Kelly,2025,95,84,91,,99,104,84,,,91,105,98
Tomoyuki Sugano,2025,98,89,90,80,107,87,,,,91,106,101
Sixto Sánchez,2024,82,95,107,,,,83,,,91,100,94
Michael Lorenzen,2024,83,100,87,,102,83,91,,,91,96,89
Eduardo Rodriguez,2025,91,94,92,,101,,86,,,91,101,94
Tommy Kahnle,2025,91,71,,,107,,91,,,91,89,85
Eli Villalobos,2024,86,,,113,90,,,,,91,86,81
Brandon Young,2025,91,,81,,,100,95,,,91,105,102
Tobias Myers,2024,99,94,79,,82,82,109,,,91,102,94
Zach Agnos,2025,79,,87,97,111,,,,,91,95,92
Tyler Duffey,2024,86,85,,,101,,76,98,,91,102,95
Wade Miley,2025,92,107,90,,118,,84,,,91,80,78
Yoendrys Gómez,2024,81,,,,102,96,69,,,91,100,97
Griffin Canning,2025,76,83,88,,102,,100,87,,91,99,93
Alex Young,2024,80,84,,,80,111,91,,,91,101,93
Austin Gomber,2024,77,81,,,97,,104,100,,91,106,97
Touki Toussaint,2024,86,92,,85,75,100,,,,91,81,76
Zach Brzykcy,2025,95,,,,,87,86,,,91,92,84
Javier Assad,2024,83,98,79,,97,97,94,,,91,98,92
Joe La Sorsa,2025,106,83,,,122,,89,,,91,74,66
Caleb Boushley,2025,87,98,90,,94,85,82,,,91,114,106
Michael McGreevy,2024,83,96,78,,96,100,75,,,91,118,110
Matthew Boyd,2024,84,96,,,107,96,87,,,91,104,91
Merrill Kelly,2024,96,86,91,,100,103,80,,,91,102,95
Emerson Hancock,2024,87,92,,,98,,87,,,91,99,91
John Brebbia,2025,88,,,,95,108,85,,,91,99,87
Robert Stock,2025,98,100,79,,121,,76,,,91,82,76
Luke Little,2024,84,,,104,108,,,,,91,90,82
Zach Logue,2024,85,99,87,,,123,92,,,91,108,95
Matt Foster,2024,76,,,,104,107,98,,,91,92,84
Anthony Molina,2024,76,,,,96,124,107,,,91,102,95
Eric Orze,2024,86,,,,76,,98,,,91,88,90
Paolo Espino,2024,67,,,,114,116,77,,,91,93,89
Kenny Rosenberg,2024,88,,104,,,85,90,,,91,95,85
Tejay Antone,2024,74,89,,,110,97,,,,91,44,35
Jacob Lopez,2025,87,,89,,97,,87,,,91,100,89
Brady Singer,2024,77,91,,,94,,68,,,91,100,92
Erick Fedde,2024,78,84,87,,113,,82,,,91,109,102
Zak Kent,2025,83,65,,,97,94,,,,90,79,72
Matt Waldron,2024,82,84,79,,99,,,,,90,105,95
Roki Sasaki,2025,78,,,110,90,,,,,90,91,84
Mark Leiter Jr.,2025,,95,75,97,103,76,,,,90,106,99
Blake Snell,2025,88,,,,73,102,89,,,90,109,107
José Berríos,2025,88,95,88,,,94,81,,,90,97,91
Sam Moll,2025,100,77,,,89,,99,,,90,73,64
Gerson Garabito,2024,93,98,,,76,89,84,,,90,98,89
Adrian Houser,2024,80,99,,,88,75,88,,,90,100,92
Zac Gallen,2025,94,,92,,90,,79,90,,90,104,99
J.P. France,2024,80,80,100,,102,95,89,,,90,88,85
Shane Bieber,2024,93,,88,,89,,79,102,,90,103,98
Tyler Beede,2024,78,94,,89,,107,,,,90,94,82
Erick Fedde,2025,,85,79,,114,,82,,,90,105,97
Bradley Blalock,2024,82,,93,93,98,105,,,,90,94,87
Ricky Vanasco,2024,92,,94,,87,87,,,,90,106,103
George Soriano,2024,79,,,,101,,92,,,90,97,87
Dane Dunning,2024,84,99,78,,93,,82,78,88,90,94,87
Simeon Woods Richardson,2024,75,,,,95,92,114,,,90,106,98
Ronel Blanco,2024,87,,,,83,89,106,,,90,103,96
Nick Nastrini,2024,94,,,,91,76,83,,,90,73,72
Grant Holmes,2025,84,71,80,,96,100,99,,,90,101,95
Brandon Eisert,2024,110,,,,76,,84,,,90,94,88
Zach Brzykcy,2024,91,,,,,90,87,,,90,96,86
Austin Adams,2024,89,92,,,90,,,,,90,101,95
Chris Stratton,2024,83,94,,,90,103,85,,,90,96,89
Zac Kristofak,2024,83,,,,103,68,87,,,90,83,77
Brady Basso,2024,81,94,103,,,109,73,,,90,105,95
Tyler Owens,2025,86,,,102,102,,,,,90,116,111
Alan Busenitz,2024,75,88,76,,117,91,99,,,90,105,99
Kyle Freeland,2024,93,88,,,79,,76,110,,90,106,97
Cody Poteet,2024,85,84,,,109,95,85,,,90,101,93
Touki Toussaint,2025,91,93,,90,,81,,,,90,91,83
Gavin Hollowell,2024,80,87,,,102,,,,,90,82,78
Germán Márquez,2024,78,72,,,92,,84,123,,90,97,95
Luke Jackson,2025,91,,,,90,87,,,,90,108,103
David Peterson,2025,78,96,,,100,84,87,,,90,101,95
Trevor Williams,2024,90,84,,,95,,82,,,90,103,94
Nick Anderson,2024,72,73,,,,111,85,,,90,103,88
Lucas Gilbreath,2024,87,,,,95,,,,,90,85,77
Miguel Castro,2025,,79,,,111,,93,,,90,86,78
Nabil Crismatt,2024,71,79,,,92,92,95,,,90,113,104
Ian Gibaut,2025,92,,82,,89,,92,,,90,114,104
Grant Holmes,2024,77,,84,,101,98,69,,,90,100,91
Bradley Blalock,2025,82,,97,90,97,95,,,,90,97,91
Noah Davis,2024,84,76,91,,117,119,71,,,90,102,88
Rhett Lowder,2024,84,86,,,96,,92,,,90,103,94
Zack Thompson,2024,81,,,,90,105,,,93,89,99,87
Kyle Harrison,2024,89,,,,94,88,94,,,89,103,92
Luis Contreras,2025,92,68,,,85,,90,,,89,95,91
Isaac Mattson,2025,89,,,,92,89,88,,,89,99,94
Zack Littell,2024,85,84,,105,85,,,,,89,110,100
Albert Suárez,2024,86,,97,,,101,81,,,89,103,93
Scott McGough,2025,83,77,,90,98,,,,,89,89,82
Ricardo Pinto,2024,71,94,,88,89,,,,,89,93,88
DL Hall,2024,82,,,,103,94,92,,,89,98,89
Jared Shuster,2025,74,102,,,89,,101,,,89,105,95
Julian Aguiar,2024,,80,,,124,95,80,,,89,103,91
Victor Mederos,2025,,90,,,92,,71,,,89,89,90
Kendall Graveman,2025,84,95,,,91,89,81,,,89,85,81
Mike Clevinger,2025,95,62,87,,96,73,71,,,89,77,74
Blake Walston,2024,85,69,87,,104,92,86,,,89,90,79
Lucas Giolito,2025,83,,,,85,101,102,,,89,102,93
Yilber Díaz,2024,77,,,,116,,99,86,,89,96,84
Tristan Beck,2025,85,,,,102,73,,,,89,95,85
Germán Márquez,2025,72,77,,,93,,68,118,,89,95,88
Matt Carasiti,2024,71,77,92,,,,,,111,89,103,89
Shelby Miller,2024,93,,110,90,77,,,,,89,103,93
Kyle Gibson,2025,71,94,68,,104,87,83,,,89,96,94
Joel Kuhnel,2024,78,101,,,88,117,97,,,89,111,103
Marcus Stroman,2025,83,91,85,71,93,95,,,,89,101,92
Tobias Myers,2025,96,,81,,79,87,119,,,89,97,88
Grant Holman,2024,79,,,,84,,106,,,89,87,79
Xzavion Curry,2024,79,,,93,100,97,89,,,89,106,93
Mitchell Parker,2024,88,,,92,99,84,,,,89,102,91
Carson Fulmer,2024,95,92,,,91,89,80,,,89,95,89
Jon Gray,2024,83,,,,96,90,83,,,89,104,94
Caden Dana,2025,84,,,,101,89,91,,,89,86,79
Chris Stratton,2025,85,94,,,87,98,87,,,89,91,83
Trevor Rogers,2024,90,84,,,90,,91,,,89,104,96
Connor Thomas,2025,91,86,85,,104,,85,,,89,94,86
Mark Leiter Jr.,2024,,88,78,97,88,79,95,,,89,101,93
Evan Justice,2024,84,90,,,117,,,,,89,49,49
Cody Bradford,2024,85,,75,,84,95,94,,,89,112,98
Triston McKenzie,2024,84,,,,92,95,,,,89,83,75
Caden Dana,2024,83,,105,,93,87,96,,,88,72,64
Ronel Blanco,2025,89,,,,87,83,97,,,88,103,93
Ryan Feltner,2025,78,93,,,95,102,92,,,88,96,85
Miles Mikolas,2025,77,92,,,91,106,80,,,88,107,93
Paul Blackburn,2024,82,86,92,,95,97,82,,,88,110,102
DL Hall,2025,86,99,76,,97,81,91,,,88,88,82
Jacob Lopez,2024,86,,92,,91,,82,,,88,88,79
Sam Aldegheri,2025,90,,,,102,86,82,,,88,90,79
Kolby Allard,2024,83,92,99,,,82,92,,,88,102,87
Jairo Iriarte,2024,87,,,,92,,79,,,88,76,68
James Paxton,2024,79,92,111,,,,110,96,,88,97,86
Scott Blewett,2024,78,,,96,95,,,,,88,105,94
Tanner Gordon,2024,80,110,,,98,102,89,,,88,104,90
Max Meyer,2024,79,95,,,96,,88,,,88,100,94
Jose Quintana,2024,87,91,,,,88,85,,,88,101,93
Jason Alexander,2025,83,87,85,,95,,87,,,88,90,80
Julio Teheran,2024,121,88,84,,,92,70,,,88,90,82
Pedro Avila,2024,82,88,,,91,83,100,,,88,96,86
Chayce McDermott,2025,84,,,,92,103,99,,,88,67,65
Austin Pruitt,2024,72,94,,,90,88,110,,,88,108,107
Simeon Woods Richardson,2025,82,,,92,92,86,107,,,88,98,89
Chasen Shreve,2024,71,,,96,93,,,,,88,76,83
Darren McCaughan,2024,73,84,,,99,,88,,,88,97,83
Emerson Hancock,2025,84,82,,,109,,86,,,88,100,86
Logan Gillaspie,2025,80,97,67,,104,88,96,,,88,95,84
James Meeker,2024,76,,98,,104,,,,,88,62,56
Aaron Brooks,2024,67,97,,,99,,86,86,,88,100,89
J.P. Feyereisen,2024,73,,,,99,,102,,,88,101,91
Casey Lawrence,2025,82,79,73,,102,80,85,,,88,111,99
Ian Gibaut,2024,87,,82,,109,,72,,,87,109,99
Ky Bush,2024,83,,,,91,99,83,,,87,84,77
Cal Quantrill,2025,80,87,86,88,92,96,77,,,87,101,89
Alek Manoah,2024,91,94,,,90,,61,,,87,91,79
Bryce Elder,2024,64,80,,,107,,87,,,87,101,92
Kyle Gibson,2024,73,91,77,,103,90,81,,,87,100,94
Dane Dunning,2025,,100,78,,90,,82,75,,87,94,83
Naoyuki Uwasawa,2024,86,,78,88,113,90,,,,87,87,73
Dakota Hudson,2024,72,85,98,,94,97,83,,,87,89,80
Kolby Allard,2025,81,92,93,,,84,88,,,87,105,92
Brady Feigl,2024,84,,,,,106,62,,,87,103,87
Nick Hernandez,2024,86,,,,88,,82,,,87,103,89
Brandon Bielak,2024,67,91,,,98,85,90,,,87,96,88
Jonathan Heasley,2024,79,,,,91,85,,,,87,92,86
Sam Aldegheri,2024,82,,,,112,72,92,,,87,80,72
Ian Seymour,2025,80,,83,,87,85,95,,,87,82,73
Erik Swanson,2025,75,,,98,80,,,,,87,94,84
Bryce Jarvis,2025,76,84,87,,101,,93,,,87,103,92
Parker Dunshee,2024,,74,,,104,84,,,,87,49,32
Jackson Stephens,2024,66,90,87,,88,106,87,,,87,95,81
Scott McGough,2024,83,78,,90,97,,,,,87,95,84
Dallas Keuchel,2024,,89,86,,82,,83,,,87,100,97
Jake Eder,2024,73,,107,,,77,94,,,86,67,58
T.J. McFarland,2025,53,89,,,87,,73,,,86,104,90
Valente Bellozo,2024,71,,99,,120,87,79,,,86,98,86
Griffin Canning,2024,74,81,,,101,86,91,,,86,102,93
Vladimir Gutierrez,2024,81,,,,95,105,76,,,86,106,93
Antonio Senzatela,2025,78,67,,,103,102,76,,,86,102,90
Evan Kravetz,2024,81,,,95,,,,87,,86,79,82
Antonio Senzatela,2024,76,88,,,103,115,84,,,86,105,92
Riley Pint,2024,79,76,,,89,,,,,86,78,73
Jack O'Loughlin,2024,78,81,,,103,86,90,,,86,88,73
Seth Johnson,2025,80,,,,93,118,,,,86,111,106
Jose Quintana,2025,82,86,,,,92,81,,,86,108,97
Connor Gillispie,2024,84,,84,,101,,71,,,86,87,72
Taijuan Walker,2024,84,82,85,81,100,85,,,,86,98,87
Cal Quantrill,2024,,80,92,94,,99,79,,,86,97,86
Josh Maciejewski,2024,,76,,,102,,90,,,86,93,81
Domingo Germán,2024,85,80,,,,95,74,,,86,89,79
Marcus Stroman,2024,79,88,85,61,91,94,,,,85,101,90
Kyle Hendricks,2024,75,90,,,,82,85,,,85,106,92
Brad Lord,2025,77,85,,,112,114,85,,,85,97,82
Angel Chivilli,2024,,70,,,110,,101,,,85,98,86
Doug Nikhazy,2025,88,,,,87,68,87,,,85,82,68
Dinelson Lamet,2024,65,101,,,106,,60,,,85,82,68
Albert Suárez,2025,83,,87,,,95,75,,,85,76,70
Bradgley Rodriguez,2025,79,92,129,,,,81,,,85,48,47
Jared Shuster,2024,77,92,,,93,,86,,,85,104,92
Josh Rogers,2024,69,78,79,,98,,79,,,85,100,88
Zack Littell,2025,78,77,,106,78,,,,,85,103,93
Shaun Anderson,2025,76,83,,,89,,92,,,85,104,96
Caleb Kilian,2024,73,97,91,,114,,92,88,,85,97,85
Zach Thompson,2025,68,74,94,,,109,91,,,85,87,74
Ross Stripling,2024,79,80,79,,99,,94,80,,85,111,95
Carlos Carrasco,2024,74,87,,,89,101,84,,,84,98,86
Luke Little,2025,86,,,,82,,,,,84,106,90
Joey Estes,2025,80,63,,,97,,78,,,84,88,81
Tommy Henry,2024,78,84,,,107,87,84,,,84,102,86
Marco Gonzales,2024,83,79,86,,,87,84,,,84,98,81
Raymond Burgos,2024,94,78,,,98,,81,,,84,107,99
Martín Pérez,2024,78,86,79,,97,82,87,,,84,107,93
Nick Pratto,2024,,,,,,,,,,84,99,79
Tyler Mahle,2024,91,,97,66,91,,,,,84,110,89
Tanner Gordon,2025,72,,,,94,96,94,,,84,102,85
Darius Vines,2024,83,,91,,98,78,76,,,84,106,90
Scott Blewett,2025,76,,,96,84,,,,,83,108,97
Max Lazar,2025,82,,84,,,86,,,,83,110,96
Cody Poteet,2025,79,80,,,92,,70,,,83,96,88
Allan Winans,2024,72,83,,,80,,88,,,83,91,78
Carlos Carrasco,2025,69,88,,,85,80,91,,,83,99,86
Caleb Boushley,2024,74,75,,,114,89,78,,,83,93,82
Ben Lively,2025,78,92,81,,86,85,60,,,83,104,83
Jake Eder,2025,73,,,,92,,95,,,83,92,79
Casey Kelly,2024,69,62,,,105,86,87,,,83,101,82
Drew Thorpe,2024,69,,88,,92,,88,,,83,98,84
Shaun Anderson,2024,86,80,,,81,,81,,,82,111,101
Jordan Lyles,2024,72,74,86,,88,97,84,,,82,94,81
Brett de Geus,2025,,73,87,94,,,,102,,82,104,90
Johnny Cueto,2024,79,84,72,,83,86,82,,,82,97,84
Matt Barnes,2024,75,,,88,,,,86,,82,100,85
Ben Lively,2024,70,87,,,91,91,72,,,82,103,83
Blair Henley,2024,62,99,80,,108,85,97,,,82,86,82
Kyle Hendricks,2025,71,87,,,,77,82,,,82,111,94
Gordon Graceffo,2024,76,,,,90,85,84,,,82,100,88
Jacob Waguespack,2024,81,,83,,,92,67,,,82,101,87
Max Lazar,2024,82,,80,,74,81,,,,82,108,93
Zach Plesac,2024,68,,,,100,101,81,,,81,82,66
Chris Flexen,2025,75,,89,,95,81,94,,,81,103,84
Chris Flexen,2024,71,82,84,,86,88,95,,,81,100,83
Yilber Díaz,2025,75,,,,93,,,77,,81,60,44
Blas Castaño,2025,39,77,82,,84,,91,,,81,86,72
Randy Dobnak,2025,61,82,,,91,,88,,,80,105,88
Brandon Eisert,2025,89,93,,,72,,79,,,79,112,96
Randy Dobnak,2024,51,81,,,90,,79,,,79,111,95
Jonathan Bermúdez,2024,64,,,,100,,74,,,79,87,70
Ryan Loutos,2025,59,92,,,85,,86,,,79,116,108
Tommy Henry,2025,73,54,,,86,73,87,,,79,103,85
Ty Blach,2024,68,85,97,,64,81,77,,,79,104,79
Hans Crouse,2024,65,68,,,95,,70,,,78,100,82
Sauryn Lao,2025,63,74,,,91,,105,,,76,85,70
Martín Pérez,2025,83,82,71,,,70,76,,,75,96,76
Andrew Saalfrank,2024,,79,,,,66,,,,75,21,12
Jake Bauers,2025,-63,,,,,,,,,73,83,50
Kyle Tyler,2024,78,,87,,72,50,76,,,73,112,92
Rowdy Tellez,2024,,,,,,,,,,73,76,54
Ryan Loutos,2024,,62,,,94,,90,,,72,114,93
Carl Edwards Jr.,2024,58,,,,,84,85,,,71,15,9
Brandon Crawford,2024,64,,72,,69,77,76,,,71,31,15
Clayton Andrews,2024,11,94,,,47,,80,,,70,110,88
Pavin Smith,2024,,,,,,,,,,70,52,28
Andrew Knizner,2024,,,,,,,,,,70,74,49
Michael Stefanic,2025,,,,,66,76,,,,67,140,110
Grae Kessinger,2024,,,,,,,,,,66,134,99
Jhonny Pereda,2025,84,,,,,,,,,66,86,56
Josh Rojas,2024,,,,,,57,,,,63,94,72
Jake Bauers,2024,,,,,,,,,,63,92,61
David Hensley,2024,,,,,,-1,,,,62,63,45
Miguel Sanó,2024,,,,,,53,,,,61,102,49
Austin Hedges,2025,,,,,,,,,,61,83,43
Dominic Smith,2024,,,,,,,,,,60,88,47
Jose Trevino,2024,,,,,,,,,,60,110,74
Mike Yastrzemski,2024,,,,,7,,,,,60,32,-3
Leo Rivas,2024,,,,,,,,,,57,98,63
Jacob Stallings,2025,,,,,,,56,,,57,95,56
Oswaldo Cabrera,2024,,,,,,,,,,57,58,22
Gary Sánchez,2025,,,,,,,,,,56,87,60
Javier Sanoja,2025,,,,,,,,,,56,100,62
Weston Wilson,2024,,,,,,,,,,55,52,27
Jhonny Pereda,2024,,,,,,,,,,54,98,65
Austin Hedges,2024,,,,,,,,,,53,113,76
Emmanuel Rivera,2025,,,,,,,47,,,53,67,21
Tyler Fitzgerald,2024,,,,,,,,,,53,96,57
Danny Mendick,2024,,,,,,,,,,52,113,58
Jonah Bride,2025,,,,,,,,,,52,85,46
Owen Miller,2024,,,,,,,,,,52,85,43
Ben Rortvedt,2024,,,,,,,52,,,51,77,41
Alan Trejo,2025,,,,,,,39,,,50,121,84
Aaron Hicks,2024,,,,,,,,,,50,79,37
Emmanuel Rivera,2024,,,,,38,,,,,50,102,56
Enrique Hernández,2024,,,,,,,,,,49,83,43
Amed Rosario,2025,,,,,,,,,,47,84,40
Patrick Wisdom,2024,,,,,,,,,,47,32,-28
Alec Burleson,2025,,,,,,,46,,,46,9,-30
Ernie Clement,2024,,,,,,,,,,46,56,18
Jose Herrera,2025,,,,,,,,,,45,96,54
Pablo Reyes,2025,,,,,,,,,,44,104,63
Leo Rivas,2025,,,,,,,,,,44,60,4
Willi Castro,2024,,,,,,,,,,43,107,43
David Bote,2024,,,,,,,,,,42,111,79
Tomás Nido,2025,,,,,46,25,,,,42,107,64
Vidal Bruján,2024,,,,,,13,,,,40,83,33
Jorge Mateo,2025,,,,,,,,,,40,72,35
Tucker Barnhart,2024,,,,,,,,,,39,115,73
Willie MacIver,2025,,,,,,,,,,39,106,57
Miguel Rojas,2024,,,,,,,,,,39,119,60
James McCann,2024,,,,,,,,,,38,85,39
Kyle Farmer,2024,,,,,,42,,,,38,99,55
Ildemaro Vargas,2024,,,,,,20,,,,38,100,49
Will Wilson,2025,,,,,33,19,47,,,37,79,26
Weston Wilson,2025,,,,,,,,,,36,116,57
Pablo Reyes,2024,,,,,,54,,,,36,80,25
Enrique Hernández,2025,,,,,,,,,,35,111,57
Vinny Capra,2025,,,,,38,23,,,,35,105,52
Donovan Walton,2024,,,,,,,,,,34,109,67
Tucker Barnhart,2025,,,,,,,,,,33,97,40
Jacob Amaya,2025,,,,,,,,,,33,141,84
Kody Clemens,2024,,,,,,,,,,32,97,42
Nick Loftin,2024,,,,,45,59,,,,32,98,38
Miguel Rojas,2025,,,,,,,,,,30,104,41
Luke Maile,2024,,,,,,,,,,30,84,18
Garrett Stubbs,2024,,,,,,,,,,30,94,26
Tyler Wade,2025,,,,,39,,,,,30,85,17
Christian Koss,2025,,,,,37,24,,,,28,81,19
Eddy Alvarez,2024,,,,,23,48,16,,,27,89,31
Abraham Toro,2025,,,,,,,,,,26,61,-8
Matt Wallner,2024,,,,,,,,,,24,121,49
Luke Williams,2024,,,,,,,,,,24,103,33
Cole Tucker,2024,,,,,,,,,,23,34,-21
César Salazar,2025,,,,,,,,,,23,42,-23
Matt Mervis,2024,,,,,,,,,,21,137,66
Garrett Hampson,2024,,,,,14,24,,,,20,126,64
Ezequiel Duran,2025,,,,,,,,,,19,108,40
Luis Torrens,2024,,,,,,,,,,19,107,36
Zach McKinstry,2024,,,,,,1,,,,19,83,9
Luis Guillorme,2024,,,,,,,,,,13,97,27
Nicky Lopez,2025,,,,,,,,,,11,74,4
Willi Castro,2025,,,,,,,,,,5,158,84
Michael Stefanic,2024,,,,,,6,,,,4,83,0
Isiah Kiner-Falefa,2024,,,,,,,,,,0,67,1
Tyler Heineman,2024,,,,,,,,,,-23,160,64